id,account_id,user_wallet_id
1,1208,440
2,118,81
3,413,171
4,378,383
5,797,346
6,540,219
7,284,117
8,346,445
9,242,85
10,334,130
11,890,377
12,185,70
13,122,57
14,117,52
15,372,281
16,263,97
17,521,210
18,189,71
19,590,245
20,120,55
21,743,323
22,721,315
23,305,121
24,261,384
25,123,58
26,273,112
27,482,194
28,418,167
29,502,427
31,1176,434
32,511,201
33,618,262
34,245,86
35,331,173
36,356,143
37,544,220
38,442,175
39,390,153
40,267,101
41,565,318
42,169,333
43,643,273
44,494,197
45,427,192
46,616,260
47,602,251
48,445,179
49,347,134
50,739,321
51,251,89
52,830,359
53,477,193
54,341,132
55,326,137
56,304,135
57,140,60
58,647,274
63,293,113
64,641,272
65,742,322
67,165,67
68,268,257
69,266,98
70,350,138
71,353,142
72,794,343
73,452,306
74,253,92
75,1240,450
76,678,289
77,403,161
79,235,599
80,555,227
81,462,314
82,131,557
83,297,115
84,1274,457
85,423,180
86,570,232
87,320,127
88,255,93
89,624,265
90,514,207
91,873,369
92,459,186
93,634,388
94,419,168
95,349,148
96,322,128
97,173,561
98,383,156
99,448,182
100,672,299
101,586,242
102,283,108
103,433,172
104,543,221
105,1306,463
106,718,313
107,1285,458
108,204,73
109,493,198
110,812,351
111,579,238
112,483,373
113,246,88
114,368,279
115,795,345
116,630,270
117,1293,461
118,139,246
119,243,87
120,948,394
121,311,277
122,250,90
123,708,308
124,1305,462
125,671,286
126,377,151
127,704,304
128,272,99
129,276,107
133,437,174
134,773,337
135,1030,405
136,629,266
144,460,494
145,1435,474
146,234,100
147,1570,506
148,370,157
149,608,256
150,1251,452
151,894,509
152,682,393
153,538,218
154,1335,571
155,1579,510
156,615,259
157,1582,511
158,1585,512
159,466,188
160,1430,513
161,569,239
162,642,295
163,270,104
164,1045,408
165,199,75
166,315,125
167,1419,473
168,299,118
169,1566,502
170,757,327
171,761,330
172,548,223
173,278,106
174,310,123
175,265,288
176,206,74
177,706,305
180,471,189
181,547,225
182,163,65
183,1019,402
184,686,298
185,339,170
186,752,325
187,703,303
188,725,316
189,485,196
190,517,214
191,625,287
192,1263,456
193,480,195
194,588,244
195,1609,522
196,508,208
197,507,206
198,1544,495
199,929,525
201,456,409
202,1620,526
203,1610,523
204,1621,581
205,1654,531
206,533,215
207,1565,501
208,1721,536
209,1214,443
210,325,133
211,1735,538
212,819,539
213,1751,540
214,1765,541
215,552,224
216,1814,548
217,449,360
218,1826,551
220,1821,552
221,1829,553
222,1868,559
223,1873,560
225,1893,563
228,1916,572
229,1295,576
230,1955,577
231,1963,578
232,1967,579
233,1525,487
234,1978,580
236,2019,584
237,1147,426
238,2028,585
239,2043,586
240,2047,587
241,2072,591
242,2063,590
243,664,280
244,2219,595
245,1777,596
249,1921,566
250,2420,602
251,995,400
252,2507,607
253,2526,608
254,2474,609
255,2586,612
257,172,68
258,2594,616
259,2671,618
260,312,122
261,352,154
262,2481,606
263,152,620
264,1818,574
265,393,155
266,1824,550
267,604,253
268,839,368
269,489,294
270,1913,570
271,564,230
272,691,296
273,899,379
274,421,217
275,660,439
276,1144,425
277,455,184
278,1845,555
279,2783,626
280,269,263