account_id,discord_username,pstg_balance,expected_balance,balance_difference,ada_value,season_rank,wallet_address,day_30_promises_made,day_30_promise_pstg_earned,day_90_promises_made,day_90_promise_pstg_earned,day_180_promises_made,day_180_promise_pstg_earned,rest_of_season_promises_made,rest_of_season_promise_pstg_earned,total_promises_from_user,total_promises_from_user_pstg_earned,promises_broken,fluid_pstg_earned,combo_bonuses_pstg_earned,next_season_chains_made,seer_rewards,heroes_rewards,season,id
378,kernalangus,10940340,10940340,0,2974.485019748721,1,addr1q8lraj8prxnghv8n0lluplqvpka9ksf4040j7nf4d0nyjyj0pqs3ylqenywp8uswswweydapyzkk362atpxj08slh04qyu9ktz,0,0,0,0,518,8759200,39,523465,530,9282665,25,4120,1568285,,24770,60500,2,
185,wuweijk,8814579,8795829,18750,2396.528187505293,2,addr1q938r7fpat04r4ez2wlzxjja8eet0w23dem4ewdr0zm38w37p4fq8atf89dg0phalvsu6sej44lqweyjappga8h4fffslcm404,0,0,0,0,404,6920729,20,217870,404,7138599,20,16770,1561500,,20335,58625,2,
1921,invictusknights,5614493,5628313,-13820,1526.4813819299998,3,addr1q93074m60wx96vr78r6vmytuejdesmrxgvr9787q08t0lw6nwda4q6awu7cjd2jgjsqw555aj0keelrt6jx78u5klm9szv7ftp,0,0,0,0,0,0,357,3986393,357,3986393,0,73160,1517725,,16785,34250,2,
555,jordan1111,5292610,5292610,0,1438.9670851520405,4,addr1qy8xk7vpnt57uf4mxsufa3e8duhzdsk29rutxsl9a9vrqx0cfhw263dnxtwyfg8yff3m3yeqezu4tum7zcltm8e0s6cqg22709,0,0,0,0,155,3453065,70,637600,224,4090665,0,5000,1179215,,12730,5000,2,
304,chrisramirez,3433313,3433313,0,933.4571033997609,5,addr1qyhf7wsgw9dsxpktx5hss8vy46x8h8eplpjj70wjldsr3eu3d2tzd3pwrff7f6y49x5v6dnvv622ezkanajmt4pjtywsnegstv,0,0,0,0,91,1642500,87,991198,173,2633698,5,5060,760070,,19485,15000,2,
120,liamcnft,3185854,3185854,0,866.1773763984062,6,addr1qyj6rg2amwuh7tspjrugs64u0x6s7hx777rplttk4fy5sjpk0sy73n24y70wehtswdre7madk9vdxxvwu9pndm8c2d7sh2mzug,0,0,0,0,147,1876302,5,38177,140,1914479,12,2670,1200465,,15365,52875,2,
276,bas.017,2727123,2727123,0,741.456527906097,7,addr1qxjuvydfy80uvkgpnju8a6nezz7sc3nm02yk0sqdpyn6el3v5tupkt4pmc8vafnutmva6vr2wxc4mqaa8wfpqeqvqm9qvh60jq,0,0,0,0,75,1494252,38,449641,98,1943893,15,0,702505,,13350,67375,2,
189,zacrostxt,2575667,2575667,0,700.2783192625758,8,addr1q8quch993qjm5fqs0444zkrcp39lucl4p2aq0tmjdrdwl443f4p9yzx087j4lztest9z3kf6ug8md0pr4l96fdax5y3sh7m7g3,0,0,0,0,158,2295842,1,0,139,2295842,20,7280,255200,,13595,3750,2,
173,kubukindian,2555274,2555274,0,694.7338231127544,9,addr1q9h7hpq3ule648g2smdyyxylpqxvd4z7jtr5ujxh254khw5c6k6tkwznqhwyvcst0sgpverx2cpzl20kdvxy0me75rns4cqxnq,0,0,0,0,63,1430928,70,217386,70,1648314,13,1330,876235,,8145,21250,2,
163,ball_hawkin,2458527,2458527,0,668.430024308912,10,addr1qxx3kms53hg3662nvsuwyv8jkwfmaen3zvfyu0tyt2hv9cfg4hr8a3vkzd52kvgd5z9465s8uhpmyttvkljjte679k2qtd567z,0,0,0,0,50,1386000,43,299532,93,1685532,0,1120,754770,,17105,0,2,
123,crash29,2423577,2423577,0,658.9277372282346,11,addr1qy443gpzqt7dqmh0jdxy25gxs5syygstv7urdsgff0ed0jvw2pnt2ydcferp4wjr999f0wsx9y7qygyyctznzpqe6yvq902njf,0,0,0,0,81,1220452,18,166555,75,1387007,23,440,982815,,22190,31125,2,
172,carolinasantos,2373705,2373705,0,645.3684221699359,12,addr1q9pcw3fnq7f6lpz2g5kfud7shweyvwjegepkpf50uakwnvludljgye0kw6yg8jqq2rjqw2wz92dd4vvx62tu0lp426as4znvv6,0,0,0,0,78,1575504,16,125471,91,1700975,3,7000,648675,,13930,3125,2,
413,underdogadam,2036165,2036165,0,553.5972639092253,13,addr1q83ssq7cnqglkwqrw65ldvhefg2m6xcwdp96cygj3pgd7jczpzgv5kztm5cl98x76e35vy9fea7zm2g03ql5llm7dzas2c5jxv,0,0,0,0,102,1804500,0,0,102,1804500,0,8900,222765,,0,0,2,
1305,ruach.elessar,1946350,1946350,0,529.1781533469638,14,addr1q8a3eevu3wxayyk2mt2mrz9vuuxmuhjfzzcwqm89dj0g63g5lmejs3ceyjv2pz44kan22w3c49a39l4z0lkslhw5p9asuh72tk,0,0,0,0,81,936000,10,83820,90,1019820,0,680,913560,,12290,0,2,
273,dhp157,1823949,1823949,0,495.8994855082803,15,addr1qx09reh367quu863est54evxx2h5dl3a304msz2zn3qsg2m0tay9n7pz0hduge6dd7mesjtcaal0knwad2nht2ujmq9q52kaal,0,0,0,0,77,1241926,30,164993,107,1406919,0,3820,398385,,14825,0,2,
183,jkfsandham,1814940,1814940,0,493.45009768825673,16,addr1qxhlp7l3qhn56mwns420fnxex9jhxt68wpg6k0csk63xu2mzlj2swljl6y0slkpn8anrregnqfzlj9nnlvptzkllx9zshe3eg3,0,0,0,0,100,1476000,6,50400,106,1526400,0,5280,276930,,6330,0,2,
235,pixeeart,1800504,1800504,0,489.52520451810915,17,addr1q9axj8gdvfr50wpfuqy2cu59u9j444ga27myu7jhgrnpc2y8677h0zr7fhd25c2gmmwyjk9sq8ap9k0cc7fcze0e0rys329245,0,0,0,0,56,1016100,21,124239,77,1140339,0,14020,329065,,263455,53625,2,
118,ashleycnft,1704455,1704455,0,463.4111795735604,18,addr1q8s992xrtrrp49p8rlpj9a6a3xqkkmdmah8nfhcwlmldvclqy7as6q9vmnlecxlr099thgcahus0pktrqrs47ytxmg5shjh9u7,2,1017,2,7613,117,1283290,26,45895,105,1337815,11,420,357155,,8965,100,2,
246,man.u99,1652180,1652180,0,449.19853130053,19,addr1q9yyrzv6tmdpa48x30wvv8qc0gc5s3rkdl2du74y3au229qsrqyzuq20qme97letkg0spexkxfma5wklt8n35edswjkqagrmdg,0,0,0,0,85,1306980,6,64880,81,1371860,10,240,269980,,10100,0,2,
1818,thebuilders310,1601945,1601945,0,435.5405229601058,20,addr1qyev0kaan0kumf9ajmurpqlsf6vn08en3u2wfkqaef2zhhcdntlcrpn945t2pdmu6f4afh7m3k4whhc4uupusjezlfasvvmrhs,0,0,0,0,0,0,69,760880,69,760880,0,2740,802895,,14805,20625,2,
305,.sweemy,1519644,1519644,0,413.16433614961,21,addr1qxg40dlsqfqa7qa25qmga0xttg89lrzvmvyqlhtrhmk0kyn2prypx22wfe3xrsehdc4kgu4xkkwm8qcmklu2ezyyj5kqlvegzd,0,0,0,0,66,906982,6,30417,72,937399,0,0,522645,,17725,41875,2,
383,alkamyst.,1510037,1510037,0,410.55236270228335,22,addr1q9v0p028kx9hp9yfxytm54p5k4t408lufm098sdrpwjwpgmtlm4cmxma3xv7zkj02xlzyymr9g5zadm967j7ry7epcxq7vsgpk,0,0,0,0,26,436500,35,405082,60,841582,0,120,643635,,20950,3750,2,
139,blackyuk,1440134,1440134,0,391.54697289396887,23,addr1q99hjus8vk4cvf8x6pxceg64jgnqypp0qnttdm3dpy4d3pfq05z6crum6gx5nxvxvfpe8nq3fdf9h5segwnpjtvjsqsshxwxnx,0,0,0,0,42,873000,19,182224,61,1055224,0,3180,346615,,13865,21250,2,
283,duck_duck_juice,1426826,1426826,0,387.9287629806741,24,addr1q9za0jqy3m08qyhajsv09mrtq3h6053x3xqvuraemthfr9wr7uqrhzen96zsvdp6rcj2qt64sf3xj6p50j9dsj7ledcqk6nyhj,0,0,0,0,56,1080000,4,24441,60,1104441,0,0,308605,,13780,0,2,
493,shard9558,1325108,1325108,0,360.2734371645842,25,addr1qx2he3wrdf2hck34t8ej7ugvy23na9dprck5f8l9tlm7f96q2j3t599sx3qergddpjn065h9clss2hvfx59dt760e2nq6gupal,0,0,0,0,34,772578,15,144160,49,916738,0,3570,392770,,4530,7500,2,
779,tdannyuk123,1278770,1278770,0,347.67495422482955,26,addr1q84c2eggrx89y39eleqvk4techr8l9x2a470aavddsm9umq2x9nyalh2rxzjwtr4x89ja3sq2xk6wyu3qhk3yflxukqqe5fzrs,0,0,0,0,0,0,0,0,0,0,0,919350,359420,,0,0,2,
540,cardanoshield,1209042,1209042,0,328.7171438224985,27,addr1qyp772czuk54yyeq409q47fjuc9qer9qet84v8d2dhw6vlz2axe7na0lwdl3lfkskpukjn7ya8vq9c54zcjxqxpussgqs0lvxm,0,0,0,0,27,694800,17,119152,44,813952,0,2320,392770,,0,0,2,
721,jeffdukes1,1194635,1194635,0,324.80013523962805,28,addr1qxnk4usqr4x2ysgqy08h0j3wez5agcu79jvfnl6dkw4smpfmjuvjp3cl2erdylf8q9kyh4mg3cwwqgw5nzj08emc5vkssrjpp5,0,0,0,0,52,745329,13,60771,64,806100,1,930,323865,,12490,51250,2,
356,d4rthyo,1139371,1139371,0,309.7748307124019,29,addr1q8527h0glznp3uvf58ehr24z39q5ehkgqvjjmjcz0lvlguwn8nl4nvcnt7250h5txwhwxu4e7ur5swp84jc7zcrtgsvqhnhs9r,0,0,0,0,27,421989,17,150047,42,572036,2,2640,528520,,13800,22375,2,
165,tomtombeast,1131008,1131008,0,307.501078871037,30,addr1qym8fkjq9h9wcjv9x3vytuapvye9a8ujnymmvcvwu92059mx4uty83yrn2ttnqnhyjz4ahjwsr3wjqmec25lutg0c3gqsgsncw,1,0,0,0,60,565416,6,8762,45,574178,22,100,499560,,16545,40625,2,
641,krenk5566,1090311,1090311,0,296.436284097866,31,addr1q9lalkdr4v65llwkmmy3g6vafqzh8nd3632wsrevklyaz39ylc7ucu0e2jcqc0jqhljqtj0lqu0exzutlw74xz9dzg6q7p92av,0,0,0,0,0,0,62,863456,62,863456,0,5060,221495,,300,0,2,
131,eaglefang365,1042217,1042217,0,283.3603758043582,32,addr1q8upn8q3x2qr98hyexvvuva938t58lw2euc0jqg45zdsafhng0g9rx88yrytzvtvanwh5uaku3quvthh30cxdhtc6hqqh3u02g,0,0,0,0,80,896112,1,2740,81,898852,0,80,112220,,8565,22500,2,
278,zzik8081,1037850,1037850,0,282.17306571333336,33,addr1q94m0jww6qms9tkuy6s4de23u5xgg53v3rv0r3v5m4ehn9nqk2l72j0mshg6ya8zfn0xjqzde8x7td4mpd3y6qcvjxtshv7n0r,0,0,0,0,29,682200,0,0,29,682200,0,5280,350370,,0,0,2,
196,aflojzy,963782,963782,0,262.03528604261487,34,addr1q8hdcm460vf40nmxnsnl6hvsyfudyjy0hamz2e2apsutwpc6dqchz2egt2jf6wgfal5s9c4j0qunu8ug6xkl7hrang5sw4yv3p,0,0,0,0,80,579600,17,106037,53,685637,44,80,277310,,130,625,2,
199,theinvestronaut,939071,939071,0,255.3168020354441,35,addr1qx6s83tkvs0zvvfg8wrawlegr2pph9mvcmkc6a7kr5a0atzjc0v5gfejacza0pthtq2729nhcjyhtnlgzgc4g0f5xwpstppeuw,0,0,0,0,32,670284,3,12882,35,683166,0,0,145840,,110065,0,2,
245,cardampl,938433,938433,0,255.14334111534475,36,addr1qyzfu5plchzuchvpp8klp8wvt5y7w5flnklaha6yayj8jvm2ymz2m8j0wcdmyevj52uj57rj8xcek2ml7e6nuz92ym8qwf34cv,0,0,0,0,34,597690,5,109098,39,706788,0,1690,180270,,16685,33000,2,
122,chiefmidnight,912770,912770,0,248.1660251396245,37,addr1q87p4g3j6edaf2jgf8ma9lmep85xhrvc8ks3fn2amt7alf4vl58ydueg86q74s62naw820yz79qvpu9chn8rj2at20hstlq2p9,0,0,0,0,50,702000,0,0,30,702000,20,75440,132910,,2420,0,2,
565,eddiewouldgo,906391,906391,0,246.43168782095097,38,addr1q9g5dug46y6q398apyspayqc2uwleg5m7c2937glzmj4paxggzpvyh9r33wc5rz2etkm508ywf53g2q6et9xcfe0h2eq8hzvmr,0,0,0,0,23,303030,18,172416,38,475446,3,17190,371025,,13355,29375,2,
284,uckie,874960,874960,0,237.88615462401904,39,addr1q8hdlc357ffkgel3pqpw3n3cymv8vpune2tphxuflm6xzvmj006r3nn76z6y2ruqdtpnjndyuycjz9f8ljw2g6kpq0hsejt2yc,0,0,0,0,22,358200,14,156745,36,514945,0,5200,307565,,13625,33625,2,
297,broeselpada,863851,863851,0,234.86581393219515,40,addr1q8vn7zezg2dpp0x2c90w5naz2tqf27y6r32tetvm5v82ua6lepk5ldrqedp3sgxxxf2svvq468p88v3emnn29gh8rqtsz9mpws,1,660,1,23940,29,508500,2,16026,33,549126,0,19320,217070,,15335,63000,2,
140,erah0,844079,844079,0,229.49015670303484,41,addr1q8l9ugvcuqn6f6q9tee2tesngq5q0wn7s4hy58tmmkl42665sl6tftmu93r0w7ugw9lap0jhg0a486r0yp6f36860lzqu94dxk,0,0,0,0,26,562500,7,51264,33,613764,0,2640,208885,,18790,0,2,
261,serhellkite,840052,840052,0,228.3952866007777,42,addr1qxsuapfxj8dchqgdynukmv2u6gh36cm0hespu4uadm27tn6mm87q8qgtsh954kd9yhvuvtsyjxex84z92grd84ka4n5q03fjne,0,0,0,0,33,543257,5,54000,37,597257,1,0,239825,,2970,0,2,
459,dillydallier.,796320,796320,0,216.50532898669522,43,addr1q99km3wgvmxj3ymy5c5jgvaydeqnglxt0p58a6jeg9ecry0yfdceutlsv20evsz8myu0cllwwr097ua6vrncp097p8msrz2ens,0,0,0,0,27,474675,7,46340,34,521015,0,2700,216820,,6410,49375,2,
206,mirekss,785782,785782,0,213.64023309953703,44,addr1q85nfw9e92ky8yfv4rphxzky3szfkju6dkxk77cz4dqg4rvxewehwrsy4h4y3e6ed378f409wq29h2q5fq0rk5j30r8qv9q92y,53,72930,53,278460,0,0,53,113757,159,465147,0,35790,284845,,0,0,2,
403,samansh6646,772294,772294,0,209.97308436865933,45,addr1qywncqdz3dph7wk5ezqnv3e0c9fpywnjmy706fnqqf7fftv3z6ryqeszjh0ucekcvk4entw8nr8qrk7t0p39xwvajvrqv8jy7v,0,0,0,0,3,72000,83,585924,62,657924,24,0,114370,,0,0,2,
349,bloxo.,755686,755686,0,205.45766279967822,46,addr1qyh28ywtg0pg0kv2ncwesspn8j5twnny2q93hkepewux8pdh8c8ugg0ryg7h7e6hmtf9lpjd3xgluxs8hsm6zyuyfnxqup035j,0,0,0,0,29,564858,9,44288,38,609146,0,980,144070,,1490,0,2,
1845,._arsham_.,751368,751368,0,204.28367494232873,47,addr1qyfdn9mg3r83ztj55l07n4xl7nsrjev2jtp39elpp6xk42lwhwt3edwp2l7j5zafesrpxvllyglkxmu8rh59g33af76q2xyz7z,0,0,0,0,23,324000,34,161333,57,485333,0,890,200950,,15570,48625,2,
164,wnnrome,710740,710740,0,193.23764004923115,48,addr1qxtzsjuymlxp8etc8jm4l7q7n8r0lnjpftqrvszzja59mhfchmjk5crcfs47r0xye5658rp32r60cp6krzrh0a0tfluq400lga,0,0,0,0,27,540000,0,0,27,540000,0,8070,162670,,0,0,2,
448,truehue,655130,655130,0,178.1182642393179,49,addr1q99qhlgrynat2qgxcynp63pysayzjvvvsgt5cxu7q3nxw35n6xv8fp0sp9pg3cwfagmxad48qsmuwlywc2gzzdlm89sqge0356,0,0,0,0,26,463500,0,0,26,463500,0,3620,187335,,675,0,2,
363,.furzgurke,654309,654309,0,177.89504885467593,50,addr1qy2qlwwvq4qklyzzt4uwd3l0lj0xdlzj8akyfzxqjrq927uf7zujppyjnnnus582nm8fv347nwe25wfqrnae4zmva84qanx0tl,0,0,0,0,0,0,40,528064,28,528064,12,4510,121735,,0,0,2,
352,wtp8130,622335,622335,0,169.20188355803566,51,addr1q8cntjdlgvhmcnte7fmcx3glhch6nv22xtu0k8leeh8etmkuzc5ax98m2cg9a0yct5pwf2u25r3v084jy476c8he7ghsjdzh87,0,0,0,0,0,0,0,0,0,0,0,476860,145475,,0,0,2,
511,brewsters,604094,604094,0,164.24247816064982,52,addr1q89aaf4nsnvpuzu0f8wvsltd265z7fzht3ac32rkkjg0wfequs3ts7s9thml5435fm95qe95ge9khavs6dahz9u9dc2q495emf,0,0,0,0,13,333000,3,28304,16,361304,0,140,183715,,21560,37375,2,
268,captcyborg,568516,568516,0,154.56944898307214,53,addr1qx6jdtvll9xra90w6vjfzw3szcq6lmk5pee0zjm70lprau9kjyyrkd223hktrpgsqjxj942htvcm5kg43x6rps60mausdqdly9,0,0,0,0,14,470391,0,0,14,470391,0,2640,95485,,0,0,2,
706,koongki,558584,558584,0,151.86911378177635,54,addr1q8x0ryrlgvh7rs5rp3rswuzkppm0vlmslh9r48u9q6t5pw43sq6hy02c5s5tvkz90d27h26qdxdd8mwv6k6svvucccaszkp8gz,0,0,0,0,0,0,24,425779,24,425779,0,8820,123985,,0,0,2,
372,jackson515,552826,552826,0,150.30361538376377,55,addr1q8nt9kfv436l95u2mtvtcrkmu3gle036n7zp9y4ttqc9gvl6hw65v2yklljpw2llgfdakfrzaqqzf40nrx37zr306zfqzhqatz,0,0,0,0,12,184500,13,118231,24,302731,1,0,243460,,6635,0,2,
604,handle_z,538911,538911,0,146.52037290228662,56,addr1qydrt2vzswwhrmv0ldvkezwf6yp5u89sjlar2w0yec2luhh06suk48ls0uk78htzhglv6cd7mcmdw6cksjceuwzexmzsttapet,0,0,0,0,0,0,33,416056,33,416056,0,9960,112895,,0,0,2,
880,adahulk,537255,537255,0,146.07013578052408,57,addr1qxauzxzzlg84hlu0ets226lgc64m4rassnq8npvqvf934xt29d2dmz7xf3v8ujgt9xcwwu3l4mw7wjflycjssmju9wrsdnv2l5,0,0,0,0,21,382500,0,0,21,382500,0,0,154755,,0,0,2,
1306,abezir,536864,536864,0,145.96382979344125,58,addr1qywuvcn0y8aj65p2m9p4rv4r9s9kyrh0gyqtphzamgtyhxkyh7jr4e2mmmfml7qeelvekeu08sv5z3wfhnzn6p3uzk9sxk8wf6,0,0,0,0,15,201203,16,129766,31,330969,0,19670,181905,,2445,1875,2,
275,fooray81,504085,504085,0,137.0517992292775,59,addr1q8p34ufd2p6w6nlnndzr6fnuc65kvrykna2wggqpphavp9m9aev524ncjxspptyt6nlxyfzur0h8s239560tpt5jf4cqlzp704,0,0,0,0,0,0,0,0,0,0,0,188240,315845,,0,0,2,
1208,orobor,495204,495204,0,134.6372123462018,60,addr1qx828ulad2nwrtj3ax0al50tluem6qz9m60dm3nmy8ndyfcazp94jx745vl8w58lgqrha4xurywr74486vm2443ew4qsgg6n6n,0,0,0,0,4,16200,1,10704,2,26904,3,323320,96220,,5135,43625,2,
795,0verdrip,464535,464535,0,126.29885347703745,61,addr1qyysqvf8tmhgy9slj6x2axvfsskhsuykl59nl88msrgdhtylqhj3gzp4whmzqejmt0vmhvjd3qh8n95t5nqtrdyplzlqwqjqes,0,0,0,0,0,0,34,392400,34,392400,0,0,71495,,640,0,2,
761,fridtjofshackleton,427230,427230,0,116.15628353298396,62,addr1qxytgglem9h70yy832lj9hrguhaf8qw3g3fe3mh377a6u2pg9dgkl2ytujygk5qh5358yj0nrxcuaq6v784vjscv902qfjxw9s,0,0,0,0,0,0,17,230400,17,230400,0,0,191860,,4970,0,2,
455,vuduchief,423678,423678,0,115.19055753268165,63,addr1qx2qezcpw0yva0ekeflhxnuravuyd2tl7hzxj92s3f4k9yw9s85tl8q4xazkmwxccudldrrmh5pn7z5zqaz6thz2tcps5ec02v,0,0,0,0,0,0,11,82223,11,82223,0,350,45310,,260170,35625,2,
421,easypseay,416375,416375,0,113.20500095041594,64,addr1q8lnrj6cnksgvqgat0mmkqw2n8cexw4335lf8rt7zxvzqqplh0njqu3tn6dfjj5x2c0ev42ncj2wxpvlptrcvu7qgh7qfjsv3w,0,0,0,0,0,0,16,352800,16,352800,0,0,47965,,3735,11875,2,
708,mikej_uptownmarge6,413140,413140,0,112.32546164552349,65,addr1q83ush0jpj5q46qee853h95m0wsha09cqzfzeheecx084mxlap88ekqdy8qslf7qgqgdghtf5acg5p8aguzm0p4p2yrqz7u7d7,1,2640,0,0,2,27000,21,171395,24,201035,0,290,138190,,13750,59875,2,
254,ivank7043,411790,411790,0,111.95842051365182,66,addr1qy76wxplagsm0qsfkhmeqec6xwrp3tcz7x94aplpryltnn9sz4yn52qj6jhyu3zmras494w5lhk3g0fjc6aue4mact7sswj6an,0,0,0,0,52,279000,0,0,18,279000,34,13990,118340,,460,0,2,
482,merx_ag_unintelligence,411685,411685,0,111.92987287006181,67,addr1qxz767yrzsl6lv8t9dhwjrp0aj07p9gdagtyw2zqxudg4wz979f0zyprwpjpjjc26ak863wl0c6l4smtqwgljgrh32nszlk7uy,0,0,0,0,0,0,17,200390,17,200390,0,1000,210170,,125,0,2,
243,riicoo90,409252,409252,0,111.2683831857331,68,addr1q925p3978y652fw8jpunr8g754qj5vh2u4le7ecm648q5vp4w96lehwhnj0kmdhq3l4jzgw86dhgsj77hqdmaadg0wysc486tf,0,0,0,0,0,0,26,270397,26,270397,0,2170,133925,,2760,0,2,
270,gunnnada,404790,404790,0,110.0552442743173,69,addr1q9rghu3khj30n3xjj3j6kzjkxd0fntfwjtjhv4s97kdv0c9rgsu0hmds6akclh8t32csxtmf3de9q3k6n6g4jfq0kgwsa3dwvm,0,0,0,0,22,315900,4,45570,26,361470,0,30,40725,,2565,0,2,
819,lars9393,403046,403046,0,109.5810815084031,70,addr1qy94dqyp04lnr4t0d4leny6z08wugp7dsd8xepyw8u6q459g9tnvmgqdzstfph6p8sv5m9mklc6s3pwncr9jke3ck26q8g373l,0,0,0,0,0,0,18,309731,18,309731,0,27250,66065,,0,0,2,
995,vizlines1530,391210,391210,0,106.36308237000833,71,addr1qxtwyrcnme0kg88h90xg4yd7x7rkafq6nv9yazt8qc6qgl78rvyyvxfgmnfdc0hmn5feherrjyrf84sxxc4ch7u9p27sf0e4a5,8,16830,1,3780,2,18000,22,238630,30,277240,0,7340,96510,,10120,0,2,
1030,orusha,384770,384770,0,104.61216022982057,72,addr1qytxfv3uz3pu4y837c884jz63s8r6g72pnlh4ymp8dgy7p7c9g45yd68cjsvww46j8v45u05lzknv8wm7ae2lv35tmast0zzcr,0,0,0,0,12,171000,0,0,12,171000,0,42660,171110,,0,0,2,
564,matt79abig,381215,381215,0,103.64561858255853,73,addr1qyz0wwrzsf9esdwz4aw0cpyv3azhla9kzccvx7l45ktvmqveg66masw4zx58cfm05yh7kxu0v8pkn48x09jeqm750adsjx5c3y,0,0,0,0,0,0,25,309600,25,309600,0,0,71495,,120,0,2,
1967,pixtaper,369756,369756,0,100.53011907876792,74,addr1qy0t72zmdr3hrm3r95qmvrdwrfe7j6fw7ny530lmz42q4a5az8qjzz508gh4qr8s0r97srm69lhwjhlq69mjkwst428q8dd6ws,0,0,0,0,0,0,30,292596,30,292596,0,1380,64970,,10810,0,2,
456,lowergrizzly,364824,364824,0,99.1891954769968,75,addr1qyz8ynk79rw7fru0xrej7df25g9kcz8h9gtcdpre7v0grhqwmeslca3n5hjy03rjknh3lgahlnv9wepv4twu4x34qevq6xd9ay,0,0,0,0,0,0,20,179564,20,179564,0,29600,155660,,0,0,2,
586,famousred88,364496,364496,0,99.10001807606798,76,addr1qxq4kdxa6ge3hx65zpkjv5z7a5zewg9qe5hc49nary08fqq6p64vr0z6h33m9lu9cyd94zsn29y5kv0gy0m0f3zueh7s2q2a5k,0,0,0,0,13,220500,5,17536,17,238036,1,5460,119685,,1315,0,2,
742,bosscatalien,362985,362985,0,98.68920389069164,77,addr1q8xe3n04xlcffjjajzmz98q338ms00kgwxedd244gx5j0cqh0a89julw7yxe7n3fd79cc6ll9whfvqx0gckjyc5959uqryl49q,0,0,0,0,0,0,18,262800,18,262800,0,0,75115,,8820,16250,2,
466,gilgamesh.nike,343595,343595,0,93.417405707735,78,addr1q884g5pqqfn5vnchajnafg37uryf979mdux5vjutt6aqcum2vkp9rks5zhwn2kn25yfnmp353x96adq6q50mvxwsnlqqqa5znp,0,0,0,0,0,0,0,0,0,0,0,230700,112895,,0,0,2,
618,ham.mck,329680,329680,0,89.63416322625788,79,addr1q8xkajn4sph8jxt2xj90qfxt8qctnjzmj5t2twfdxm22vvp9rmxwp4ugs34pru36p6z0smtetr0xxthqa3yu7ywkvf0qc0jx7y,0,0,0,0,15,279000,0,0,15,279000,0,0,50680,,0,0,2,
630,andrev9034,320190,320190,0,87.05400001036008,80,addr1qyqmlavtlzysvdqnm0e0a36lw06v6hqrju7dmu50p8rgzsxk0g82tdnp9hzfesamgrl564kcxzvklj4zfefy5ra45z9sqkdayw,0,0,0,0,15,264600,0,0,15,264600,0,0,40725,,4865,10000,2,
417,lailolailo,313600,313600,0,85.26229552218658,81,addr1q8fvw3vccuhm9gpk7hsk0z9cfl7pv820wdpfgq2jmw9c7q4w9p3x34q8fdtfzsqdz8rge7vz8ldyv3mjn389q75jehqqcz90l4,0,0,0,0,0,0,0,0,0,0,0,212520,100980,,100,0,2,
312,dirkvk,309170,309170,0,84.05785684500772,82,addr1q9ck5xd77zr43r0k2fgrsqw63ad77qzl7t50u434v2xmn0f6erxluate43at5y2l023q5scg5yvfwcq9w6ma2fhpky0s94j72r,0,0,0,0,13,202500,3,21600,16,224100,0,0,85070,,0,0,2,
152,cherbert0123,304985,304985,0,82.92002933620559,83,addr1qywj0nvp3qajk66r9evw5s8k9v0w68x3s7vlfys8yzkmzt46hzgcdc2ex9zhua30x05ywh5ttj3ulqfjhlx45mzlfwksqs4q9m,0,0,0,0,0,0,0,0,0,0,0,264260,40725,,0,0,2,
418,psychotron7x2,301902,301902,0,82.08181614393868,84,addr1q99l9cclx07gyfe8866ypsj49ahzgcu454mce37zwyz8nvz5qypd9c3zfnwr4p4f2zmvqu9lg9thuer4smu0ssrsu3mq0azdh9,0,0,0,0,12,183780,5,26332,14,210112,3,100,90695,,995,0,2,
293,cognizant,290207,290207,0,78.90215241265052,85,addr1qyckzdlwux8fx44elpyj566udvmlkwkwlyaj0vp4xp33zff3q6pgy3uvwp53ypmwr0ze0uwclpjssjzz4p8jqmzfn0gs6y3w6g,0,0,0,0,0,0,16,189287,16,189287,0,2960,97780,,180,0,2,
234,klima03,275281,275281,0,74.8440369057495,86,addr1q98d2cqggjr26m4ydwgya8ngltex2jdef4kvffw72e58z5urj9pl0jhp6pq9q9nymwp7pqh44258rzzwmkks8zhr98vslzjxd3,0,0,0,0,4,61344,16,66937,20,128281,0,6500,133930,,6570,0,2,
339,avocato4431,267170,267170,0,72.6387994090006,87,addr1q9ttkuefk4rzgq9kgjlwhju4tfwvph35pvfxnpukjjhpk86g348309vwjmkhumwwlw7eeunewz7m7xkvcc3d75n4nvwq2gkaed,0,0,0,0,12,216000,0,0,12,216000,0,0,50680,,490,0,2,
248,joew5904,267080,267080,0,72.61433000020916,88,addr1q85pk49037arvwnnda7dweswutalt2eu94qlevcyyd42jfqg438ncnke5ddyz3jrnhlpw0yh9jn5y7c7tpaufua586vs2sxgjx,0,0,0,0,0,0,0,0,0,0,0,185860,81220,,0,0,2,
514,besetbyinertia,265975,265975,0,72.3139000367142,89,addr1qxtmtwt73pl35r537ljk9xu0xz4evmdwzcqpaz75nuqtjt5sjuyxga8tez99uan2kpws62tey7l0x4e3rgulc326zc3slfj38l,0,0,0,0,0,0,16,180000,16,180000,0,0,85975,,0,0,2,
369,g0ld_hands,265950,265950,0,72.30710297871659,90,addr1qxdfdyyc526t0ykgtud4wrkwtzj246l5e2mxkqp7g9xmed42edwadrtuakyyqehzg78uqmasqj7fc826a4fe2xrc99gsm36zes,0,0,0,0,0,0,15,196240,14,196240,1,930,68780,,0,0,2,
812,saintbubu,254538,254538,0,69.20438194396151,91,addr1qyavx8j9rcfxxn9x0h7kya909fcdahglsnzutx6us8lacnkm3sefel3kplxhn7ey2zd8xzyx49zgsgcfflm3cyvamr9stpzlaa,0,0,0,0,13,238248,0,0,13,238248,0,0,16290,,0,0,2,
1240,sharedculture,253968,253968,0,69.0494090216157,92,addr1qx76su5yjte3d0jgx02spczp3jyszd2c9va2pv7t53m6pty3jtwt246phvv6g8dhzx8wxzpfjs7dxx7gs8mkeuzkcafs4pamnp,0,0,0,0,13,182160,3,30693,16,212853,0,90,40725,,300,0,2,
431,tania_tang,251950,251950,0,68.50075050004754,93,addr1qxhw2eq470swvrde0fgdaa0jjjtkyjht678ar5wymygzna809psc8c5mw5c5lvyg8ln62xus74lpvfan8vzk56hlkrqqq24yf2,0,0,0,0,0,0,0,0,0,0,0,161450,90500,,0,0,2,
477,kire5187,247045,247045,0,67.16716772091385,94,addr1qyadpydfu4qzqe2hcaq4p97g8jcpjgke5qse9vf2q683wmf50t5dy537mpfhn7utdw9uvsertcg0zmv5drea8tfz6scqcdlx54,0,0,0,0,12,229500,0,0,12,229500,0,0,6335,,11210,0,2,
1314,johannl9752,242309,242309,0,65.87953305384409,95,addr1q9ew749r3u8gh25xmg6wv3h6mpxzj95jc89rvmfvc5ys3puakl4l3fq2ags49vd95vk3aekh530yd8h8wvj3z28wc5lqk6m37v,0,0,0,0,3,39996,8,84723,11,124719,0,0,106795,,10795,0,2,
471,ody6666,239225,239225,0,65.04104797925729,96,addr1qxm5ls50mr6lap3xq2r8x8g8dw4nkl97hqzz63hawq7d2h3vye7f2m3leksa8ee7z3t5ysxzmp969xd7guq602737pqqrpmnjz,0,0,0,0,8,112500,5,36000,13,148500,0,0,87785,,440,2500,2,
629,jecellamnftzoo,237095,237095,0,64.46193863785979,97,addr1q9t2fphu3knu0ujfparzf5s4ge8he4ug3qwvqduyz86unj34jkjajztxv63xesru6htkwuqlanudmuchuttg48qtdlds908ljl,0,0,0,0,12,220500,0,0,12,220500,0,0,16290,,305,0,2,
442,crypnation,232901,232901,0,63.321664188178495,98,addr1q9w2ap6lgj0cyewssfw4t40wreedm2t47xuyafx8lmfuljyn47rj9g9fgce3nq9g7k7krdh9a02klv4rj266d3lf69nqtaxuj8,0,0,0,0,0,0,15,180596,15,180596,0,2080,40725,,9500,0,2,
1419,qhtm,229675,229675,0,62.44457182416519,99,addr1q9c439tmwmzdyc72cz9exg24e6cfgcthdpz753pnyr7d2zzvzy0wrqju69x7hg7r45f4p58qw8tg30ctmakwvlkl6rkq78epmd,0,0,0,0,14,198000,0,0,14,198000,0,0,31675,,0,0,2,
1609,toni_zh,220862,220862,0,60.04847293884303,100,addr1qxv9xwyrhq3zfvvqtecf66q0epaat0pghwm5xsxl9da02s9xxxvl02gp59rj26v07xgrhprx2857rd3xjsl0uf3rgpjs3tajtd,0,0,0,0,0,0,9,168637,9,168637,0,2450,49775,,0,0,2,
483,mjun4482,211590,211590,0,57.52758006868449,101,addr1qy0umlfe260el84pkmgzk9dnxqcnlp9yzjear6mmtxw848ps64luxdxc8etemrdn2cyfhd07msr6skctkv4rmejdp8qs9qjtj8,0,0,0,0,17,184500,0,0,12,184500,4,0,27090,,0,0,2,
380,vince1986,207039,207039,0,56.29024363079716,102,addr1q8jdt9jxnndae6nkgdvyuewz94qkx8zg999raetks6qjmvnln9d42dsa4dcdx7852g0uu3fc8n27quv5f54aegt3cdyq3r0rp2,0,0,0,0,0,0,16,84154,16,84154,0,0,57785,,12100,53000,2,
538,pnvkannan,200565,200565,0,54.53007749173263,103,addr1q9jq43jkdcarxzejr4phpf2xhydyljn9d6hx3vycjn3sjsrdtz3ld5ekku6s5wkn7kahyug3sxkgekn0jwe3j84wa66s7msj9v,0,0,20,93240,0,0,0,0,20,93240,0,66600,40725,,0,0,2,
449,kweelulaay,199100,199100,0,54.131769893071905,104,addr1qx0s0p3wsflyuh73n0a6m089yve87wwmumwg6lucshx835vvhuwg80822x0j7fp95ed0cvefqlantutxxpj5jgqp06sqmj3dwq,0,0,0,0,0,0,0,0,0,0,0,119460,79640,,0,0,2,
976,lamerblameret,195440,195440,0,53.13668060221985,105,addr1q88qeky9stht62ghj9ynxzurkceyy6fe70xrhkjwgu0v49p5wjljnf88sj5dagxcrkra68s83q0snhwd87z4ygn32juq5y5rad,0,0,0,0,12,180000,0,0,12,180000,0,0,15390,,50,0,2,
1824,degenbobsstoreogoodies,193314,193314,0,52.558658790101966,106,addr1qyte9z8m4rzl9rfa9gp0ukpr3y5qsps0mgpk4e3j4syq3pjta8q3ndexd8mejrdw9fuzxy04379uhk7ju33lxezrczys729278,0,0,0,0,0,0,17,148524,17,148524,0,150,40725,,3915,0,2,
718,tuanluong,191284,191284,0,52.006737680694954,107,addr1qymslgq6x9r6kk8s0tam62chydkuy7ez66gt9lk9355wwxwy0t098xk2ets0c4ch2wyep4u3hlpc88wdle0lzc37neuq7y6mgh,0,0,0,0,0,0,8,111284,8,111284,0,390,16290,,10820,52500,2,
876,shift4444,190955,190955,0,51.91728839744623,108,addr1q9gajekwx4c4h2wj33lwt4ldcs3qmn9kynxuy3c99fyl3q6peu28p708syducwgrd8r4j3s2vv2pnvyjg40dvafe830q0nszjg,0,0,0,0,0,0,0,0,0,0,0,115840,75115,,0,0,2,
348,juantelo,182505,182505,0,49.61988279424956,109,addr1qyem46u9vh6jmqj4r6ugfk8jd0c66l5rrpdqjaepzejrt3zdf7426uygqhm9g2cnfd9umfvfma5zmh0l9gd0zumyyl6s7tgu98,0,0,0,0,0,0,0,0,0,0,0,141180,40725,,600,0,2,
169,jdavitt,180078,180078,0,48.960024403840286,110,addr1q8c84v9cl3pke3hun84jy3wpscc5x2gkzj8tdd5fwfku93gfz9scp6srug9v9vyz2fvgm52y5yp25hw24a5x0ssgvt8q906dj0,0,0,0,0,0,0,4,121053,4,121053,0,24060,34640,,325,0,2,
2028,richardb8113,174705,174705,0,47.49920069899109,111,addr1qxzlnzupsj47z2adgkd25rd8mq2aygr8wtdxchxnv0k5x3an2puwhfn097ytnk6du50dp27mh570um832ek48gk4dzjsmx60ct,0,0,0,0,0,0,15,139155,15,139155,0,0,35550,,0,0,2,
494,damanwitdax,173790,173790,0,47.25042837627808,112,addr1q907y39z4hlt0a6jp47uahm9xll2xmzzawhw95yqxh0n5shlnaseh98ms72tqf55vqt6j7vjy79v7t0f2y7w3v627nvsdt4g4y,0,0,0,0,10,157500,0,0,10,157500,0,0,16290,,0,0,2,
597,cardanoboo,172490,172490,0,46.89698136040167,113,addr1q88e699w9lwe9v8qxru7yzd9j684esddj53urd2zyerqxwvr2dyv83yyqy8r6kyda0g0jrq8vn2r68aqde0ay8n5clqqg2pnyd,0,0,0,0,100,141335,0,0,3,141335,97,5460,25695,,0,0,2,
642,medraresteaker,172051,172051,0,46.7776250219634,114,addr1q8pxl4hzkjz3l7ngulllxjphau8f6dpdccs7mqv7ttngnpjwzzm23m2jc6azt9qucgf8jy4a7hx36dhk6sfkkhqnrlyq6ld6hy,0,0,0,0,8,132192,2,8574,10,140766,0,170,29865,,0,1250,2,
601,tristan2.,170300,170300,0,46.30155907980987,115,addr1q8r5ka5pq7num4sucydj49stskkxklunxw38fj7fd90wu5udtjeen0gr9xszx0q4tv4v5hqgfrhtlylkdqdtf7dufdesrdjluz,0,0,0,0,9,129600,0,0,9,129600,0,0,31675,,9025,0,2,
1621,sergegoverness,166954,166954,0,45.39184083740796,116,addr1qy97aa7sqwhw6lm59yxq0h87xawwp9ngvsefnrmrjfz4t6xctnu47pk5a4h3eu7gszrf9nukadzdu0q2nuker344gzvqg84gcy,0,0,1,3780,0,0,9,112539,10,116319,0,1590,49045,,0,0,2,
323,jacsam,166939,166939,0,45.38776260260939,117,addr1q9pmd0xpavxw8qu8lf3xw2yt0qlamdyclrqsga4vrlm9x02tq70940u5gagt3a0cne3ean6aj4ey0pvgssjycr2wge5s34nx9g,0,0,0,0,0,0,10,134219,10,134219,0,1950,30770,,0,0,2,
277,lamzy565,166590,166590,0,45.29287567296257,118,addr1qydvkrtj3lkwm040zntx5ualycwldzyxlqdfehqpugucqhcm60w7f500y683t8zq9x98ut9e3w340akwhlqj68rf5cyqdsmnaa,0,0,0,0,9,139500,1,10800,10,150300,0,0,16290,,0,0,2,
1263,cor1012,165525,165525,0,45.00332100226382,119,addr1q8lxcgjup43u34r4eyzs9st38xkkwf0fux4799l3m8z9wtuyz7wv0t6xp0eg8n04ms2yr5jj3hwdy5zl33dscycnwldsntp09s,0,0,0,0,0,0,0,0,0,0,0,84830,80465,,230,0,2,
1565,antoniodt,165114,165114,0,44.89157736878289,120,addr1q8dta84xg389kqpxfa9cmqzwlda8zfw3jahl7gerhnqjl2px025uyfzn98lhjgfun776ge5zvd4vuvvvulz9w0ps3yqqydqgqn,0,0,7,25200,0,0,2,36569,9,61769,0,17970,65915,,710,18750,2,
427,halincorte,162000,162000,0,44.04493582459894,121,addr1qyengs6ag4uvjjua88f9ukr82fljy52mu2uuceuy5rw8vf67lttkup5dt7m9el2r4sra3utzl6ydchxxz0az0xamcj5sl2wv3s,0,0,0,0,7,144000,0,0,7,144000,0,0,6335,,8540,3125,2,
1907,dunamis_ada,155925,155925,0,42.39325073117648,122,addr1q9hn6sy4rqdf40tfyer8kcmldm0khy63cy67mk7ge6n3d9fv2mct8u2cppfpvvqqcngsku5y6hx25wmxntvzx0tlfvdsfstj36,0,0,0,0,0,0,10,115200,10,115200,0,0,40725,,0,0,2,
1137,rayzer100,151483,151483,0,41.18554946615877,123,addr1q9qvzqelzytxxq0c6fkz3x22r989gfqdq90j9jaupzrephg5hxhj6h8ju8qvv802erm0pp4vs69vclurccvghr2g3hjsnc7cap,0,0,0,0,0,0,10,128448,10,128448,0,360,16290,,6385,0,2,
850,bloody2153,138465,138465,0,37.64618542563637,124,addr1qx7fdrqm2yntnnzfh0pyvg6jxxtsl292kn6xkwzvsuc57y2ktesgg8d5zmkh3eht25es89la20e63xp2tp7aah5z8pgqh808fn,0,0,0,0,0,0,0,0,0,0,0,97740,40725,,0,0,2,
768,billioniseasy,133035,133035,0,36.16986442855259,125,addr1q9za7cu6hsnzfcm3msfkw0rp7mk79cpz6cu30uq4aer8kwegc849xm0scaf5eswy3zz7v2h5x3kgs2h349ln5uyxc7as3gyz4l,0,0,0,0,0,0,0,0,0,0,0,92310,40725,,0,0,2,
1435,skyloft87,131814,131814,0,35.837896115948666,126,addr1qxsxj835r4w8zcsgr8rda7zypyc5gsl7n5pkq34x4v9gqkm2jek0p8fkj6a3az59wtgrwkcmhks9vfkvkvf7dt579l0qwd24z2,0,0,2,7560,2,18000,3,18274,7,43834,0,420,50330,,8480,28750,2,
242,lauchan21,127519,127519,0,34.67016155195699,127,addr1q9gwd8cr4em2zkj9vn70495886zp9z2zjd2pawae47y7mumzjszpu9kjmy0scx9urxqx07w5l7p3v5wszkhj2mju0ets77kxxp,0,0,0,0,2,31500,2,46384,4,77884,0,130,6335,,8795,34375,2,
207,cryptola44b,127125,127125,0,34.563039917914445,128,addr1q94036n4jykd2deegfw5z2ppc8dxzzdy2cmgrj0fpcpz80a9j7qfjrwm0mhcp229rmwr85uwhhvf47jjce972lntw0wsltdx4u,0,0,0,0,8,86400,0,0,8,86400,0,0,40725,,0,0,2,
924,baekho8751,123080,123080,0,33.46327593389899,129,addr1qys72c6wtydpxnmnugcad3szrxc6gx6mlmxxcrkghgk4se6298nglwd8y24daqvd90gt044p88dyp808f863hmxghvhq56lrys,0,0,0,0,0,0,0,0,0,0,0,85070,38010,,0,0,2,
529,cardanean,119998,119998,0,32.62533462395199,130,addr1qyghe0nm57tkmf6670wz0y0tacmfsfyww08lsqhzyg0jvg932au0rxm7ajejz2g5mk8af9gy0pq3fthns5lsqfjkgnys69h2n3,0,0,0,0,0,0,9,99988,9,99988,0,3720,16290,,0,0,2,
341,mrb4072,116745,116745,0,31.74090143730125,131,addr1qyesuvk88jxcp3w6hfvrprqf6099k73tekp33lddlvdg29d0fmm6c98jkmly6xhg7my9a5u4u9vu2h87mftn4n397ayqtq3e9w,0,0,0,0,0,0,0,0,0,0,0,76020,40725,,0,0,2,
2481,vargsaga,115831,115831,0,31.492400996908145,132,addr1q9ngvavx5dtdcq2czp4wun5zym6ku0yp70gnkkx2dtla5x9shsyt3kgupqrwcrxh9tu8u8xs7mz353nmg9rfgnydz0ksp5uxex,0,0,0,0,0,0,18,50326,18,50326,0,0,59075,,6430,0,2,
1635,elysium_ledge,114935,114935,0,31.248794438273325,133,addr1qywnysusry88uk88ct5naq4eqzj7xkyqsfqgecu2d9uajfkznw005kj8n88z5hqtz7238uatu6zgxcl2vmrhc2rqekxq9ap2dt,0,0,0,0,0,0,0,0,0,0,0,74210,40725,,0,0,2,
909,aymyint,110410,110410,0,30.01852694070351,134,addr1qx88nv4awpeckt8fsn5p7z68gha0xd7wqrny4k0cjug7me2q702flup5n29c7anxy32dhj2k2t6msh6aklnf2m4d05lq8ukh3n,0,0,0,0,0,0,0,0,0,0,0,94120,16290,,0,0,2,
480,aidananannaan,110097,110097,0,29.933427774573264,135,addr1q88qvemjps6nq8mvuvpchfs47yh8kp8vk23snvxntpygp4h674ymdycnpwzsx2w8h0prl724s4shhxm7fgw7vj0qv9qq0xcu3q,0,0,0,0,0,0,8,103472,8,103472,0,290,6335,,0,0,2,
117,mezuny,105555,105555,0,28.698538277565063,136,addr1qyl34kpj4js576uusdy4d2ledlcfdyst7huswdlcvpm7cwkn6hng5se96enfwfzyk8uug6rsgykk6nquxckn3mhryzss7ahr6t,0,0,0,0,63,0,0,0,0,0,62,880,104675,,0,0,2,
743,gogoji,105335,105335,0,28.63872416718598,137,addr1q88jy7tkw2xnmprns85c27z20z7u40n8k9ff48c8a66dvmyd0jdmxn70x7htmg32ahcrz8fqlzz8c4e375juekh30a7s89g8ur,0,0,0,0,6,99000,0,0,6,99000,0,0,6335,,0,0,2,
255,suisei.ada,103850,103850,0,28.234978922127155,138,addr1q8mqtwwk8ug2kuv223ej8yrern5zfw4xn44nu4ee4e874sghzukmuv9yvc5srxgp0svs3cnqqpzy683u5cyt62u2x7zqc88xcp,0,0,0,0,6,103500,0,0,6,103500,0,0,0,,350,0,2,
691,bitcoin21,99935,99935,0,27.17055963969935,139,addr1qxxhx74r0u50h693w982fd7pwkjawnlpvrd0gj2ky0dnz6s5lfgj8ctnj8yyc0ldaqvk9c7x0qjq6fwya8kl9h3zl2sqz6cwwf,0,0,0,0,0,0,7,93600,7,93600,0,0,6335,,0,0,2,
2420,frantastic99,99724,99724,0,27.113192470199408,140,addr1q8vmvumz9cxwjsf8fmfrx8wq9nl6fhpwecmrlvjuyn3wnyf3m79rgl6ykpa4p2ll3shfjn46u5k0789ge0f7dc3xwwgq2eayxx,0,0,0,0,0,0,14,43184,13,43184,0,980,46085,,5100,4375,2,
527,b.e.nfunny,99498,99498,0,27.051747065900894,141,addr1q8pgywgqtx6n3r3868r6uteu2sw39nc2wvf5npdxk4sa53xq2pzsxa7tfhadz7g4gmajzmj8hrmcc8ngdskfw0x63j2s0m9ws2,0,0,0,0,0,0,8,25128,8,25128,0,58080,16290,,0,0,2,
544,stoffe_,98835,98835,0,26.871489087803926,142,addr1qy6nzaadw8xm6kvjflhze2r6ap05tp263tt9c2f536yv8x9rqtrxd7t5y04gh00uep5rzy9w5x0lg72p6nc8h0g2s4wql4dsfd,0,0,0,0,0,0,7,90000,7,90000,0,0,6335,,0,2500,2,
899,rapt9r,96335,96335,0,26.191783288041595,143,addr1q9wfwutu342m9d0vy38hdgy77pywgq7vw4pggrr4anmlg6m7a6m552q59mvvp5rkrqddhsdtjv5ntcuhdq9w2gy7mcvqetwpvq,0,0,0,0,0,0,7,90000,7,90000,0,0,6335,,0,0,2,
636,unpopops,95025,95025,0,25.835617448966136,144,addr1qypxts2j0a6kjltpl2wxp8h99j47msemzyu4c2gh04cwr9zwy8m8lp9kj0t6pztwthwvhskkmjuuv96aqczpcx905arsjdf8hl,0,0,0,0,0,0,0,0,0,0,0,88690,6335,,0,0,2,
530,aries2701,94100,94100,0,25.58412630305407,145,addr1qyh7gsgfkhxhjtrdp6n9049j8zvd9cvp2sp0auvvvaw2dznuer3gxqyqdhk2cjkmt7za7uhuqmvv9549v0mfp8j0sstsgrat6z,0,0,10,45360,0,0,0,0,10,45360,0,32400,16290,,50,0,2,
589,crisro0787,93215,93215,0,25.34351044993821,146,addr1qxvk52dz76kxyhzqge5kkwqn7h9ravfayq45t52sfgjmjzet5gcquguueq8fmdzahqy3grp29lrsgdsfymnfvqlgqstsa9g4c2,0,0,0,0,0,0,0,0,0,0,0,86880,6335,,0,0,2,
353,dieyat1925,84853,84853,0,23.07003049089317,147,addr1q8dc2kts37msedw8gm57vlqfq50jglvuvf70qwa999jhhjz6qtgvkv7prjuycdfv66ata33sll262ye6442a58pyflxsparump,0,0,0,0,2,36000,1,1593,3,37593,0,100,2915,,7370,36875,2,
350,rideramato,84765,84765,0,23.046104846741535,148,addr1qyrglh82f4mc7xuhccszvgugxevtgqtr2vjsx5n42j8putu32m3yapyl5qx65mtxysf93yy934tl74duq426esx23deq9kvhkm,0,0,0,0,5,78300,0,0,5,78300,0,0,6335,,130,0,2,
1143,_anme_,84272,84272,0,22.912066863028404,149,addr1qyf7k5rzy25q8lm7qqlkc3fte00xuddwapravp6twa3qdq8a4sywynrkmda9asgk7pmwf7qt3srgmm08v428pe87y96sjjj8lz,0,0,0,0,0,0,6,67792,6,67792,0,190,16290,,0,0,2,
1570,dzms,83695,83695,0,22.75519076444326,150,addr1qxerh5yqwuctyuz56838fs684xjpl396e3te26zxkxtkdn98337wh0vwmpugmyp9tc3x60z90z9f78qhffq09rd8gpjsv3uhmh,0,0,0,0,0,0,0,0,0,0,0,67780,15840,,75,0,2,
507,efx007,83260,83260,0,22.63692195528461,151,addr1q9w7sfarjx5nhnragcku2djqzh634xndrgrjmw6sgewney8z8drkk2ntsauxjtsyemvjq28nk5va8h90c7390zpfj2gs84k0nw,0,0,0,0,0,0,0,0,0,0,0,66970,16290,,0,0,2,
914,grabzzzyy,82355,82355,0,22.390868455770647,152,addr1qxw7lmxc5erlk4q6v0msg8254wxptpt748m358egj30tpmk7hamyfq0kfa7au7tlhd9wauh834gmvkrvfdhmjeedzx6qhr9s87,0,0,0,0,0,0,0,0,0,0,0,39820,42535,,0,0,2,
536,aprille5611,81450,81450,0,22.144814956256685,153,addr1qxczncasym8lmklevekzevqmg0c5fg0plcj6m6w6npfd0xefnc3xytmzfakkl0gs8xwueazpe964730w6dpfqgr2lm3scvcx20,0,0,0,0,0,0,0,0,0,0,0,65160,16290,,0,0,2,
410,chaleerx,81423,81423,0,22.137474133619254,154,addr1qxl80j80eg6ff7qr6uch89mnjmsr48yfe6pzwve7nureukntexz3cv8jajdfm3sav2g7dn5jfl7re0l0spkgypc8su8qua9ujl,0,0,0,0,0,0,6,63613,6,63613,0,1520,16290,,0,0,2,
347,arghgriff,76566,76566,0,20.816941705841,155,addr1q8mv732d0q7vzqcx6hw6waqsxhxcncurjsuyye6k3gmwh3fglqsfmysp3zzxckzy55mtthfy0kgwy5myaz585xklqghsfvq4ed,0,0,0,0,0,0,11,14171,11,14171,0,54530,7865,,0,0,2,
746,insta.ada,76020,76020,0,20.668493959172906,156,addr1q9nl09m5q24g09lwhg3j55zaguvh2npdxhnda3wymjh3dxjge3gmjfs87ygxm6d8gn3kqyrtzlcrzpwg0zm2lujgf8uszr7e8k,0,0,0,0,0,0,0,0,0,0,0,59730,16290,,0,0,2,
315,im2sticky,75367,75367,0,20.49095480427499,157,addr1q9nf6d9aweszwxyd0uc3yxrm6rmwjf2jl370dxh5mkqswyugfdpgmqn8qzxlr540rpshl0aey3fyha9d7u4x9eyq9kxs2x8r4c,0,0,0,0,4,63000,1,5952,5,68952,0,80,6335,,0,0,2,
250,ulthurian,73930,73930,0,20.1002599105716,158,addr1q98kenejacuhy59lak4008x3twrhymxf53qsvx63q0l0w899wfqqaae9gq9k7rgd2fy2w83y2tlpqmp4sn3xvdd5jrpsj82enz,0,0,0,0,4,58500,0,0,4,58500,0,0,6335,,6595,2500,2,
311,wayeed,72825,72825,0,19.79982994707665,159,addr1qyeyqledqfw5wk20q7pnwt7vzsrlfq7zwh8slte0jhtw9m2alje5ye2u6guajl55hecy3mpdend0n4x02lpejq4802hsy4v2el,0,0,0,0,7,49500,0,0,3,49500,4,1520,7655,,400,13750,2,
582,chefrecklessdj,72765,72765,0,19.783517007882352,160,addr1qygf8uqefklv83q8574q9jwh6fehprfqvqjhgujwhl9fnzqdwqualaz4tsjecupk566prptjpge3kgzjg4nrsmhceehsx60734,0,0,0,0,0,0,0,0,0,0,0,58430,14335,,0,0,2,
794,apooroldlady,72400,72400,0,19.684279961117053,161,addr1qy0ufhap8a8cmlsqg7m6pe2v56e2zgfpv22n7eu0tktq6squefcpsu7jrke430309r8axe0yk6pl8vd77gg09mq4wv7shuxx2r,0,0,0,0,0,0,0,0,0,0,0,28960,43440,,0,0,2,
615,morepheus777,71190,71190,0,19.355302354032087,162,addr1q8vx5ndlemllkuqk0quthv9xr98hxmx6xjqyx42xly40s3t4wl5z72qve8c5e2xfn4kjrs9dgdp0hyn55969xwe6drhsep0az2,9,9900,0,0,0,0,0,0,9,9900,0,45000,16290,,0,0,2,
664,odelrio,71135,71135,0,19.340348826437314,163,addr1q9kcjtcup0sefxl2efmwctkhaqw5gck2l6cv4lvemf38r0dqvcvmt56up7a6w63ydmu035h7fzgkmmadg72xtqxhj98qmw4e3d,0,0,0,0,5,64800,0,0,5,64800,0,0,6335,,0,0,2,
334,swissnftdynasty,70290,70290,0,19.110608266117648,164,addr1q9j2jdud6sh39rdzpek3ka4rg635fjw7myc9vpv9hsu8rzjzmqu3xcsefy6m7amr5azmwyrqjjevveazzkd7dk8hvlmqcjug23,0,0,0,0,4,54000,0,0,4,54000,0,0,16290,,0,0,2,
890,_.drak3._,70290,70290,0,19.110608266117648,165,addr1qy7t7s454l8c0hpsn5eu7nw45yakadv4555ujkvz6jfps6xnd22am0vjweays8jut0lmhndylzmtwk0und0h7evhhykqqqyyqr,0,0,0,0,5,54000,0,0,5,54000,0,0,16290,,0,0,2,
1868,mountainking.25,68780,68780,0,18.700065963061203,166,addr1q9k7hkrcae4l72q36v97mtveafgw340w9v6yd83sm8r743ha4rfpmk2h58x5xu2c3t7uwrl9t0mvm6u6a3epucws7r8s0aepck,0,0,0,0,0,0,0,0,0,0,0,52490,16290,,0,0,2,
1916,rastroll,68286,68286,0,18.565756097028167,167,addr1qxleuw4phlvxuys83v0tyskaak0k4s6zjl20sypdkzzkqlwdkgx9emtaa6h0lmfrupgns0drwewsmz2n82j79g3204sqyv53tw,0,0,0,0,0,0,5,49966,5,49966,0,330,13320,,4670,0,2,
1821,eckhart7430,67535,67535,0,18.361572474779564,168,addr1qx5ljtcfsmtxppt5ha0yxpqqrexd0gcyx3d9y7jg03vsp7nex54lnudj3j4andjvma7xqsyamxh0tmazdhmdae40nvpqzjwxvm,0,0,0,0,0,0,5,61200,5,61200,0,0,6335,,0,0,2,
462,dehrio,67535,67535,0,18.361572474779564,169,addr1qyxwqlr2mgge2264gfts0r6f3yzftjfk0ukgtzvhmn9qfu908pp9gkca6mpu8sey6z6flk0cl4sfh9gtyv32ll0v0gdq84jlsf,0,0,0,0,0,0,5,61200,5,61200,0,0,6335,,0,0,2,
752,_sam_v,65785,65785,0,17.885778414945932,170,addr1q8y5dpx2n3yv2fq6xfm5acdkkng47yc53vv0cxx25k9dpc39e2a3wem68cuvcxgdu0q3a6tld6hc5yhd98ev5dfd0mgqueyrhm,0,0,0,0,0,0,6,57045,6,57045,0,8740,0,,0,0,2,
887,judderman77,64910,64910,0,17.647881385029116,171,addr1q92eumjn3dngezhswhpjvr3ud8zprrsrcpjn38amvyx4ug6ffgjq2cffhupwl5efufesurnwad2wt0ufkdk8aj43pggssxxjdq,0,0,0,0,0,0,0,0,0,0,0,48620,16290,,0,0,2,
325,lorienloki,64835,64835,0,17.627490211036246,172,addr1qx6dcfw6l4aj4xc3zn485uehy7wmhawfy76mlna5yzrehvyezhzy60xwutftagxkqkxvp0qq50ushrgdy3fph872axwqye2uwe,0,0,0,0,4,58500,0,0,4,58500,0,0,6335,,0,0,2,
823,mr_durdan,63350,63350,0,17.223744965977424,173,addr1qxxqr7aj0m3cru0es9sf6eyjq727n2xs3egaxx8q0qha56q06nsjdd5xkm9q0nlpf6nqz5upe325y668plp7wts67tdq4u9pt0,0,0,0,0,0,0,0,0,0,0,0,47060,16290,,0,0,2,
513,patryk_karter,61624,61624,0,16.75447608182151,174,addr1qyzmnqwdey28jp5800p0euwykmwgrvpgwyx7ge6adghje5vp9wqnyrjg3tp2wc62qumj4dc093x74c67aa9nrtfrxjgqqh2yx7,0,0,0,0,0,0,7,34039,7,34039,0,21250,6335,,0,0,2,
709,hansell5,60725,60725,0,16.510053876226976,175,addr1qy7rp3hd7gd7gkutl624ls9yd56he2h3n32wnsnhmxz8pvculc2lghctzd0l0pr7mqk9u8lh590mmuj48aylsztgtjlqd468fp,0,0,0,0,0,0,0,0,0,0,0,28570,32155,,0,0,2,
517,abongileviksvika,60355,60355,0,16.409457417862154,176,addr1qy2un0k0a5mq3t0lz5lu6y9ea5zh8tvmj2xw6vzkcu0pmgutvd5lzyrps8pr6jx0psawsy658s2dluuv7dagsnw54rjsy30plj,0,0,0,0,18,0,6,0,0,0,24,200,59685,,470,0,2,
1610,watercrypto,59730,59730,0,16.23953096792157,177,addr1q883v85zv3x6a2fpmjg4gceekc2t9acf4j03zrx6gsemu9c4fscyn7ds2g4q9v32alq4z23jzmmtf0my8ne0p9j8f6wq93geq2,0,0,0,0,0,0,0,0,0,0,0,28960,30770,,0,0,2,
1592,irishmick1,59730,59730,0,16.23953096792157,178,addr1q950lu59dvzcx6vx5h5cy46eyuw8ql2u6jlut3a7s97j2eludjavnu96hkgp5akumnmaxsdlk74esmu4lnqpvqn8k0zsnpq2mj,0,0,0,0,0,0,0,0,0,0,0,43440,16290,,0,0,2,
1777,_crowley1337_,58974,58974,0,16.03398793407344,179,addr1q9q8ycf4e598fc9dddccz3afx3ne3ae4qkgqhn03yukms89hwvzyg2qdduegvpenfmhu9r2zh0fe6775vuvvkv3dem8sl69qlt,0,0,0,0,0,0,14,43414,14,43414,0,4400,11160,,0,0,2,
929,yeknerd,57435,57435,0,15.615561043739753,180,addr1qxhzn7e2ql4dem54xhf6kudse5k56jgnxsnffl3ew9uj6yczgqtpq90zly3skuhygql7ll0z8q6spjudewra90ku69fs7h2v8q,0,0,0,0,4,44910,0,0,3,44910,1,3540,8275,,710,0,2,
579,flubb3r_big10k,56121,56121,0,15.258307675384673,181,addr1q9n489n9cjggjwzq9mx4fr9ga7c6t4x2d8rvygm86fdkzgljptmtrdvym8z59nrrngfs8wrrc9208hcnmmzwt9w7508sc52dt3,0,0,0,0,0,0,4,49506,4,49506,0,280,6335,,0,0,2,
1585,brutal_bruco94,54620,54620,0,14.85021231320737,182,addr1qykpw7y8k5zu9hc6tuvppusmxwvrk5prsqdj3lnavge3g7z6gj7lpyhah822r4yuzxka8hhzcmk5q3fslm98uy8c8jhs88lpt5,0,0,0,0,0,0,2,25200,2,25200,0,0,0,,2545,26875,2,
1765,trippin79,54300,54300,0,14.763209970837792,183,addr1qy34haux7jaees3kfjl75extty6jdf29e5vaweyr5f7pvqzgd44e0qdf79wgzw7xrk227jutmew6mhcd5xnl6wwx6pqqpwsncg,0,0,0,0,0,0,0,0,0,0,0,54300,0,,0,0,2,
660,bravrox,53747,53747,0,14.612859047930364,184,addr1q96ruju7kk2ezu6trpuhzq737879vqny6s4ph2860e0jmwztknpkpq0ycrr4m43z76er99dhtk5jnxae9wmm8p75wx2s57wwh4,0,0,0,0,0,0,4,46012,4,46012,0,1400,6335,,0,0,2,
665,run_rafa_run,53430,53430,0,14.526672352520501,185,addr1qyju86jp5rkgyzzmktwchyr6qh3v93kzj4nuh8nxgp2jse03k84zsg2hur6v62570wl4hywva0y34xuaky9tjgyuq2lswn0qfk,0,0,0,0,0,0,4,46800,4,46800,0,0,6335,,295,0,2,
252,miukix,53017,53017,0,14.414384954399765,186,addr1qy7hehpvzxtm7vf2auyslwkv3qth3cute5p0529ujd7mk5e7tt7fwdm52prxwd5amqem4qpp5zmtklgv89qfu3srhz6srzcpv6,0,0,0,0,0,0,4,52567,4,52567,0,450,0,,0,0,2,
331,wizard9291,52880,52880,0,14.377137076572788,187,addr1qysq06xgq6p3au4a2gnzty5hc4z490s7qasst0mhyc99p9ku2c5mhf6xznjdv7u36zfh5nn2jmhqfxn2vk7vla8g4lus0caphf,0,0,0,0,0,0,4,50640,4,50640,0,2240,0,,0,0,2,
1065,skarski10,52373,52373,0,14.23929274038099,188,addr1qxm6erelp8r3ex47apsg4z0elp67tc6l7xw4yezhxscsycgw3j6snfsaas2k4zec3aumxeyp4cxplfsx6s2mrewg8jdsymyjdf,0,0,0,0,0,0,4,51623,4,51623,0,750,0,,0,0,2,
376,codz5304,51673,51673,0,14.048975116447535,189,addr1qx9z4fpstphhlj8vfwwgmpks06guzee88r98u4ckqsxqkuy4erpw6u9gkn7wjau3qu0v9xdr6h6jdrnk3k5hdmsq8h4s3en0lt,0,0,0,0,0,0,4,49473,4,49473,0,150,0,,2050,0,2,
797,.cagedhawk,51601,51601,0,14.029399589414382,190,addr1q9kapez9q78zxw9wwe99mcg08zjgvnz42n7dcssesal0dq5dwhmr7q3m727xyzq0nre4shrnsvlw7uatpnzzlwmeuahqjqlnln,0,0,2,6300,0,0,4,30201,6,36501,0,620,14480,,0,0,2,
599,_alphaz,50680,50680,0,13.778995972781939,191,addr1q8g7apr576wxtex4aqjyftyay4sa976myywmsf7r2zqpcjt0wtjdef7p2n8y5j2tz6w4esrltfdxhw2l7ur96tpldvasgxcrdk,0,0,0,0,0,0,0,0,0,0,0,34390,16290,,0,0,2,
1285,tallnupinks,48604,48604,0,13.214568276659302,192,addr1q86v3e9wmjr04rh9kzl8cu6vx32n0f9h4d0fzvy9y546px230hs7awjz5gzfvw26p43kaa2eut96h5aavnc96wcrxr4shzswdm,0,0,0,0,3,25794,0,0,3,25794,0,1560,17990,,3260,0,2,
839,zooterland,47992,47992,0,13.048176296877482,193,addr1qyp3ex2xs9u54pnljewa32ta9ffhw3gd8qnv2r7c7jygq5yjawlauahz3rga3l5x0xtq2jttdq90s8qjzmha7mmqa0tq492wx4,0,0,0,0,0,0,4,32592,4,32592,0,4810,6335,,4255,0,2,
1654,sonick13,47060,47060,0,12.794781974726087,194,addr1q8xecu8rpwfrlxvrxuf38fy57rhq0my9xp38y0706mnkjkyqcpeg44a2h439yadwsj7ah3ftx7zl7xmuw5wa0fh0l92sgg6m23,0,0,0,0,0,0,0,0,0,0,0,47060,0,,0,0,2,
547,.cryptogaz,45250,45250,0,12.30267497569816,195,addr1qxcqlwusn4x0t2qy0yvrcmzlslqzd20pta77gy94uz0cywf6lvp4jf7vvap0pn6nq43fad8w227lde5c6cwj0rvhcdfqtzpmul,0,0,0,0,0,0,0,0,0,0,0,28960,16290,,0,0,2,
533,uncensored1124,45250,45250,0,12.30267497569816,196,addr1q9kfzv0fck0w4289jjwxqq5vd8pgccezkmhk6y2r4q6zp097speqr67ker8zus6w46fgfl2mk49t5mn02nf0f96kcpvq75k0es,0,0,0,0,0,0,0,0,0,0,0,28960,16290,,0,0,2,
610,zeritoxx,42705,42705,0,11.610734471540107,197,addr1qyc0nuyc4jq4wku04glv3x0l3qky5m2ssq7f37fa4xx8jjm67tfc0uq2kzg6kpa6m38g9ukax2f8jqxk75qemdxxpkksxwhks3,0,0,0,0,0,0,2,40755,2,40755,0,1950,0,,0,0,2,
265,urke5294,42230,42230,0,11.481590369585264,198,addr1q9waz6pp6pn667a2p4pg07mdm0u3kz6su7zunlm5usej4ng3kdfdstnw7esestsu5h36wuddmwcjezw5stkcyw57qruq8fh0pr,0,0,0,0,0,0,3,35680,3,35680,0,100,6335,,115,0,2,
1295,kreier,42010,42010,0,11.421776259206181,199,addr1qyquhj6z6c6nazsn307mntsf8r9unf5nll4w9x7xyx0zh7xtsy6czmn2v06tv3p97fnf7vf534ae4d8pj4jnn8e6j6tq85np88,0,0,0,0,0,0,2,15425,2,15425,0,0,6930,,6530,13125,2,
1544,zebetidebo,41630,41630,0,11.318460977642305,200,addr1qyl3she99rz72p7c726n5dnxgtvuycasujfsj2k2jjlztt82ypfwea6xtgd394wy3wt85nct97rpxwe6nfhj6avcy9xq0k3v68,0,0,0,0,0,0,0,0,0,0,0,41630,0,,0,0,2,
906,jimmerted,41038,41038,0,11.157506644258586,201,addr1q99rdflpxcz2j9h90zrh3fle4ffnnc5pg99f5nv74udaqntyrnwn4w3mj3s6233qc05pje5r86ksxzldw68q90clcensc5j4c2,0,0,0,0,0,0,3,34103,3,34103,0,600,6335,,0,0,2,
1368,pw8595,40154,40154,0,10.917162673462627,202,addr1qywf2hnx9zlht2vp3xrrjwzn2szmrmzhpxzrnqc4puzf3v6agehj923dunx5sw6z9v5rxslevvdv3hejtn3qhzgzlx9q7faclu,0,0,1,2520,1,10908,3,6851,5,20279,0,2400,17455,,20,0,2,
854,ivor69420,39820,39820,0,10.82635397861438,203,addr1qyrl8f8z8mp035ccm75r4zlv0cpl09xkc9u7pzx2jj0mmr93p7atxagpgs75g4e27yln08smrf054ld8gc0mfkn06sxq8ty69w,0,0,0,0,0,0,0,0,0,0,0,39820,0,,0,0,2,
1525,swindonvillan47,39315,39315,0,10.68905340706239,204,addr1q9rf4frtulnsatwmqxlckxa2e6qx9kk8xhalc4u7t9c06m4pgrtcp9xwkeykxrt96tvn0kzppx4dpqlg0vh8dzrx6jws4krw9h,0,0,0,0,0,0,0,0,0,0,0,32980,6335,,0,0,2,
725,burntoutni,38915,38915,0,10.580300479100416,205,addr1qxammuzurlt4rdmvwjwwlkr0f470ck20fh663907kageq82vkz2dpwc5cfrcgq0efp5lge78sdyl29svmuagj3c6cceqg0f8xn,0,0,0,0,0,0,0,0,0,0,0,32580,6335,,0,0,2,
390,kage9348,38643,38643,0,10.506348488086276,206,addr1qyl5jddmn8jxj2umqcc5s9vsjn2vs7r9yf2qh6wfydfk96v02af3g3tanv5ayrxrnrfamalgfydphaqu0mnfsztkg2cqm4nur9,0,0,0,0,0,0,3,38203,3,38203,0,440,0,,0,0,2,
668,monocristo,38359,38359,0,10.429133909233276,207,addr1q8ctudl7m4rx33qnsum78glg06ml490kcnjeh4ykxy8af32jhhdth8hvxcrdfe30azmup64fd6r5ty4pcway73jwdp0sxt6cpj,0,0,0,0,0,0,3,31824,3,31824,0,180,6335,,20,0,2,
393,cryptogator.,38202,38202,0,10.386448385008201,208,addr1qykg6ghk0pgzmev8xs49m3h3ypsu2q375etflq8dv6su8qf4m2e5epld6aslfmausn7g4apefrtwdpfaukmuxvyzn3nqzkpp90,0,0,0,0,0,0,4,20532,4,20532,0,11200,6335,,135,0,2,
473,groovychoons,38010,38010,0,10.334246979586453,209,addr1q8kzl0j445w05wenlm3vapw24677pa7nse8krqkvqlv5chs792dvqa4yj6cqh7vr7pcs3ndluymycm567l2y0cysazmqu20mc8,0,0,0,0,0,0,0,0,0,0,0,38010,0,,0,0,2,
625,sickpicknft,37408,37408,0,10.170573823003686,210,addr1qxhndax95zakcf76ly9nz520e97h6ww72tnlqvft3h04ufhu6thrsraw0udlcy94nr32634dt80lhglejw3u62aa3stqcpn24s,0,0,0,0,0,0,4,28083,4,28083,0,9300,0,,25,0,2,
1829,pi_ya,37187,37187,0,10.110487830304693,211,addr1qy58740magceyaa55j2sfwksj0l5q899zyayupd4d4wurparreqzjt4ks45y80fa7uwl3phkrkk6cn6vkkaus5t8ex4su45gnm,0,0,0,0,0,0,3,30132,3,30132,0,720,6335,,0,0,2,
575,gintama.1,36630,36630,0,9.95904937811765,212,addr1qx0d0grkfj64qu9wwr5tzx5g794u5d0gs6vwlpgetmkp3mnu5gprtuxpru0z8aa58armwm6x7906wlmzpqzdj3kewt8sfvn5pk,0,0,4,17640,0,0,4,280,8,17920,0,12180,6335,,195,0,2,
377,cobreean.pxlz,36000,36000,0,9.787763516577542,213,addr1qxq9x7lz3y5js5wv04plvfacnm2pg9zqv87w2aqyqxdfwe0d5exxxem429xqkvng5sawxcmmzayws880d6luks4mxhrqs55zx7,0,0,0,0,2,36000,0,0,2,36000,0,0,0,,0,0,2,
2019,dasboxerturbo,35504,35504,0,9.652909885904695,214,addr1q82r9prc6dtr779jj4d7z5440d8p7q5c883kyawsvs97klce0ckjfgr29m29vnpyqa0szd7cpg6eyj90zf6umrxgwq4sqtkcez,0,0,0,0,0,0,4,29069,4,29069,0,220,5740,,475,0,2,
269,emperorcnft,35395,35395,0,9.623274713035059,215,addr1q8qpxfzuat6lvurwf0a3chmkvagjwn7jjgjv3cak66l3n0rt85wr0et4swrx45gejtdurn5cksgdzuhs3esd9hevywgs89x4j3,0,0,0,0,0,0,0,0,0,0,0,22320,5215,,7860,0,2,
1913,ck9102,34860,34860,0,9.47781767188592,216,addr1qy0ttf4ea3mawdnvp2xycwsqywm3eh5egjsr5skc9gfhyhsmx4w56mvnsgekyux8vahztwxqv0hx208xvufrydjx7f8qhnw0rz,0,0,0,0,0,0,3,22765,3,22765,0,0,12095,,0,0,2,
1963,wookobe,34080,34080,0,9.265749462360072,217,addr1q8rmnmj5a9t6yrzs9gcc2cfhm8mt66qhg4t4tcndl993826ht0dd64xxx7qa2s6w73j5gwvul5wc4ejv4xm5sd6wm2eq0ucuwt,0,0,0,0,0,0,0,0,0,0,0,22110,11970,,0,0,2,
1814,rich.ecp,34070,34070,0,9.263030639161023,218,addr1q9qx8sduep34zptwt4unmahpw24ykr28jaqv4ycxpg2su3skgqtad3gd34cug2ck7dpdwnmnqezp2tjjv3hw8nxsvrnsspwu55,0,0,0,0,0,0,3,18630,3,18630,0,960,14480,,0,0,2,
758,jemo9099,33490,33490,0,9.105338893616162,219,addr1qxpzxyjh68384av7lcgf8vskt3e5py8pqms7ps2r8n0h0wsuurmld7mu7lp6ukgwt0l60u555pjhmhhkguhtsv3rn9sskd4jc2,0,0,0,0,0,0,0,0,0,0,0,33490,0,,0,0,2,
678,rinar3d,33465,33465,0,9.09854183561854,220,addr1qx3tz5sfj7mqxx3jpkhsykvpj6vvneldl9kxu9nnvne86k8xyamuqdn9fs968pq240xe9q9zua622fqhfsutu7unm7pselamrt,0,0,0,0,2,27000,0,0,2,27000,0,0,6335,,130,0,2,
2063,mraesch,33085,33085,0,8.995226554054666,221,addr1qyfqje8r64v4tshp8af0z54qnx7rftc8zp9namgpfnkpzhs6dr84hy3xngx39jasmg7fe9c283563xy0wmcwtcyka35qnvj0uj,0,0,0,0,0,0,12,0,0,0,12,790,29375,,2920,0,2,
602,negankilledme042,31500,31500,0,8.564293077005347,222,addr1q86trfvaqrj4q8dmtdnxrnnuk8466xdq08juespttq5c40aefqnyz6043s5ljjrpjpjfkny60h0fu0c6fnta7scjnddqdgd0yw,0,0,0,0,2,31500,0,0,2,31500,0,0,0,,0,0,2,
635,yoda_2098,31500,31500,0,8.564293077005347,223,addr1qxfywnp9evtl223kh5zs45vuzvj2kdauqv5g7ddhk0wjlaw4f4ycy8a3r88tvk668p2xn3wqcla36x4t7hxprdxzeays7rqu20,0,0,0,0,2,31500,0,0,2,31500,0,0,0,,0,0,2,
290,jbrunitup,30345,30345,0,8.250268997515153,224,addr1q9jc3kru6m5cy7sw3hzlxlz5q4fvxd66hagq2em3xlje56wgqasqsqff8e5dp7c6ugknwxugvt3t88kgzv89fxn070csgpzack,0,0,0,0,0,0,3,25200,2,25200,1,0,5145,,0,0,2,
1019,disastrid,29745,29745,0,8.087139605572194,225,addr1q8vuwghzadavqkgyyezq3as60d5xn56k5sslgh9tdrqf3qxydanuytq98ur2ygvddw9lalxrdygl3phmdwsu3glyjmrqqghqrj,0,0,0,0,0,0,2,21600,2,21600,0,0,8145,,0,0,2,
581,brokenglas,28560,28560,0,7.76495905648485,226,addr1q8u8cgezklh2tyd868075rd2awc3lvhjzp433cqg69gj4h89ql8crrvsprluqrdl2zlu2n0yzveur9pckyykp6l4rfzsu25ep9,0,0,0,0,0,0,0,0,0,0,0,28560,0,,0,0,2,
2072,criptolin,28177,28177,0,7.660828127961261,227,addr1qyg4426sm3p3s4pw034h9gqjhtfrs0sfre8dn8pqc75av6h746sfp4wuelz4suuxyxvgvlmly7wsydekndqpd3amnxxs6yyupv,0,0,0,0,0,0,3,28177,3,28177,0,0,0,,0,0,2,
588,brunoaguiar,27932,27932,0,7.594216959584553,228,addr1q8nh8rvuu4kq3swsnz3u604kgtwld8fh40g3gj72c7mulzuspx7uvts76c5pcx0y5d7ke9y9djrc7yg07ed3jnu25fnsjst05z,0,0,0,0,0,0,2,27532,2,27532,0,400,0,,0,0,2,
911,lmcthfc,27150,27150,0,7.381604985418896,229,addr1qxyyryssp9udskhq6qdjkfxv8h3ltpa6jwa5ap5rlzff94xwjc4zlrfmcehf0p4msetnzulrpm4klvny2a594pj38aeq7mck5n,0,0,0,0,0,0,0,0,0,0,0,27150,0,,0,0,2,
1144,mr_tibs,27029,27029,0,7.3487072247104,230,addr1qx65nt73hsntyw337tyle83v0augjpfl9l9dmeklmrrvtj96jh6ntksldkecc5dq6zv06m9vg9xnm7se08xydhhed2wqn8a0m3,0,0,0,0,0,0,2,20274,2,20274,0,420,6335,,0,0,2,
616,kerao_,26450,26450,0,7.191287361485443,231,addr1qxlq4zu2aajksg7prza7kn80s72qsadvzgyhmx5k3dpne0nl7q3gmr3hhwg9w6uvpjg2ddn49y43mnxgl5cw3x2japhs6mcpfc,0,0,0,0,21,0,17,0,0,0,37,0,26400,,50,0,2,
1335,rasrax,26145,26145,0,7.1083632539144395,232,addr1q8hac2v2uk6yswnvdmczc9g9prgj3azmrksw7aqszvjxgwznxlwcdv8fx7w8vxndcjlmngm7zjtdsmkllwaty5lwhkkq4ph7fn,0,0,0,0,1,0,2,18000,2,18000,1,0,8145,,0,0,2,
680,vincent010_,25200,25200,0,6.8514344616042795,233,addr1qx333d2ufgptll2hr3ezhwxaz0uhq7tht2yvh8sa5mgn0wtflyf0z8nmtn02fh8mz5hck3cxfg2xufvk2pejus00gazqsvfg6f,0,0,0,0,2,25200,0,0,2,25200,0,0,0,,0,0,2,
877,sejje3,24435,24435,0,6.643444486877006,234,addr1qxn84gvqhk8kz52acr3eup9nxrkpmw3kkgz2lyc87zf6u384tg9zmvz8s7wsltkthn377g5jen60ecjp3c30xwgem0kqm5ulfu,0,0,0,0,0,0,0,0,0,0,0,18100,6335,,0,0,2,
439,xandra6390,24435,24435,0,6.643444486877006,235,addr1q9qsmqlvwxtd3420r6glnxqsg2hqr059t45umjcup3m49a0svt7hskcngfkrp56vdqq5m4h03k9myqqsxpg9a4dzcn0qlyfe7k,0,0,0,0,0,0,0,0,0,0,0,18100,6335,,0,0,2,
771,gcvinha,24435,24435,0,6.643444486877006,236,addr1qywh22slmh44zw8sg59phw93t7ykg7jpcmkhkppd9hwaeue4m3m7jadfzhdqzeqyly6u5ale5nqqj9eumx6qxfhgjp2qles2yk,0,0,0,0,0,0,0,0,0,0,0,18100,6335,,0,0,2,
671,jjpo,21720,21720,0,5.905283988335117,237,addr1qygwea8p76jjuw6ynzwp6eqqpt5zt9ypgwtxxusw7328xvlqtrkta08g74lze8d0wgugjfkyk5ulkax55zvrngsxqn6s5n0f6u,0,0,0,0,0,0,0,0,0,0,0,21720,0,,0,0,2,
609,nige_d,21720,21720,0,5.905283988335117,238,addr1qx0rwy34y5tuqswlrjlzm4mhaq5d0pclrlu6s6g96h7qgpgqhmvguzd98zkw75hmfrmkgq700x0jzjq75x2xwgazvz6qw4chcx,0,0,0,0,0,0,0,0,0,0,0,21720,0,,0,0,2,
894,bluelion10,21720,21720,0,5.905283988335117,239,addr1q9su0qrvl5y027jhtqr0hyh947e4gqzp6q2akjwrpdjr3fq2japxy5hy9aek3qdcenwkhulj83u4lypprhgs0at2lc2qqyk85r,0,0,0,0,0,0,0,0,0,0,0,21720,0,,0,0,2,
1813,.konstanz,20735,20735,0,5.637479903228758,240,addr1q9g4gn5l9lx8ezdu2nkc5he68xtdkmhgncgd55hjpyq2c0yny3w0xp4yyxw4hn4grnwt0srxjqht5clgaftgf4s0zrxqjmesm3,0,0,0,0,2,14400,0,0,2,14400,0,0,6335,,0,0,2,
682,lucky.crypto,20381,20381,0,5.541233561982413,241,addr1q9sda2k92nndusflqkfr7c6sarphtf4fjvsj3wm8zp0vyh29ujzygy0jzu6pn5hq5gu787lgljn68rj6lm2pcqszrn9sqmyj7z,0,0,0,0,0,0,2,17931,2,17931,0,2450,0,,0,0,2,
667,paulie1002,20015,20015,0,5.441724632897207,242,addr1qyleaz3cjegc82543rerpd2ul4e2ecl3ev3cpkxe687zvf5j8k4lfca9ls3g70uwh2t07a9lsjz9snulyacx4jskyf3q6aw4gf,0,0,0,0,0,0,2,8320,2,8320,0,3550,8145,,0,0,2,
292,tonyler,19910,19910,0,5.41317698930719,243,addr1q8u4pt34m0q5ex8szx9fnay2stnau07rwdxn9nkvrljsnp483hqxtue2ee9cx6hyt63c4mmrerfqfuz5uterg09fwjdssnjv0p,0,0,0,0,0,0,0,0,0,0,0,19910,0,,0,0,2,
760,opiumpipez,19910,19910,0,5.41317698930719,244,addr1qxjclk7gmpsktmqp2lccjl65rh769jxe8qnpd23ns64su5kl52k3egarferhlc8nctz4gc2x5mgu2f7z4xn85r66waaqmas9st,0,0,0,0,0,0,0,0,0,0,0,19910,0,,0,0,2,
813,officialwind,19910,19910,0,5.41317698930719,245,addr1qy4868nnue3v9fxl9e3gua3tpgzwua88zgv3jwtxp7x0z5qcg2d6m7jv0mrlm6a6cpan40432rme65xen5lqvxq38v7qwmqu0q,0,0,0,0,0,0,0,0,0,0,0,19910,0,,0,0,2,
272,vivitrock,19910,19910,0,5.41317698930719,246,addr1q8n9f8p7ql4fr04ulls6eahamzu37xdu6q9vg4scn2r8l9kty4s8u825yzv8ks033rquptyl66kt9xsgnpq5c90j6ncsq7pu57,0,0,0,0,0,0,0,0,0,0,0,19910,0,,0,0,2,
928,atomicblondie00,17565,17565,0,4.775612949130125,247,addr1q8xxz25q0r4xud02fgpwht09f6vvlcnegclgh7j4cql9u4n33ftxrvf88arz5svnxlyk9aq6s8lng93ekqtu9sraxcwqr5qxmz,0,0,0,0,0,0,0,0,0,0,0,10920,6645,,0,0,2,
1147,jixon77,17329,17329,0,4.711448721632562,248,addr1qyhzsl9smq0gea3e3tphdz936k9td8us0zfrdc6q8dhdd0kmvklwu6k02ced28nu9nxga6jv4pxqhj3zjlsw2hnjnanqya5ml5,0,0,0,0,0,0,2,2054,2,2054,0,8940,6335,,0,0,2,
634,cardano0758,17280,17280,0,4.69812648795722,249,addr1qxvxym2pjsmwqcsgmulm3gu9qw4xcjc6c848z4lff82gkmh0620jq3ejpz2tk8tan7jkaqj8su54fa6nc90ly56kh8xq2qrazv,0,0,2,10080,0,0,0,0,2,10080,0,7200,0,,0,0,2,
1212,bluefxn,17195,17195,0,4.675016490765301,250,addr1q9nda8utcklf9etpf5vsnx6tf7097vsx366pn3upyskdaplum75r68a7yghs2nhp8sgzwj02r5vt6nzyqxg45e55qrssp6vvjx,0,0,0,0,0,0,0,0,0,0,0,10860,6335,,0,0,2,
520,jstitz,17195,17195,0,4.675016490765301,251,addr1qyt833plwda26fsnludmcga5r7uz4hn6833m5y9whffr8j4k2pg22rhx9xfqxfupsnxvner8c89hfekp8yrxg0v3prksq3xcz8,0,0,0,0,0,0,0,0,0,0,0,10860,6335,,0,0,2,
1251,florind3542,17195,17195,0,4.675016490765301,252,addr1qxme60dxrqmdsnm7phre4axd7x2qczf3sag65g5um664rz4lmgpwv0ezvr02nam3cgvr7qvtmw9s4sqq0r5havkxa0vsanr2n3,0,0,0,0,0,0,0,0,0,0,0,10860,6335,,0,0,2,
521,miranm0707,17195,17195,0,4.675016490765301,253,addr1q8ffehry009t3ffgqu00x298s6644vmkp9quly5t0npax9f8xzy2mxm52dvzff5j8lc7j5ah0cqcj74zpxp7yf55n5ysqfvnww,0,0,0,0,0,0,0,0,0,0,0,10860,6335,,0,0,2,
1522,granitestatejoe,17195,17195,0,4.675016490765301,254,addr1qywm2nv7g8alwv74ympzsjtnhas68nrazdp0m3l90ly98kh5wp0zcl7a89a7wne3mxpmaruy0n6h29gmxpp4wmy09uuqykdx20,0,0,0,0,0,0,0,0,0,0,0,10860,6335,,0,0,2,
736,chuba5497,17195,17195,0,4.675016490765301,255,addr1q8uuucr439pwt4gh892r60yc6ayjz0uenuzpmfv6wwyael4rk2dwj25kjwlhl0eje0q7pemsu45rpnzaclxnrg32mhrquvpqyk,0,0,0,0,0,0,0,0,0,0,0,10860,6335,,0,0,2,
755,bobi_og,16829,16829,0,4.575507561680096,256,addr1q96j40xlp80e6u2yw9vfug6jq324u70d4la6yql2m5fn5v98d7y85dw0ct6yxr50k09pqhrvznvagafssaf58cy2xdtq6fmkju,0,0,0,0,0,0,2,11694,2,11694,0,30,1085,,4020,0,2,
1751,paddyl2798,15040,15040,0,4.089110091370173,257,addr1q9vzvgydc2ctcsw0pyp2csaxeu4s32hl2rlupuz30qclgld287vskmaj9mh9z8muzx3mz8420w6z3cgmc9uc7vjr37xs82z8k3,0,0,0,0,0,0,1,14145,1,14145,0,80,0,,815,0,2,
679,slayerz18,14480,14480,0,3.936855992223411,258,addr1qy2nwxlvlp8xyrrxf32s9h9y6k8vzl5nsunphek848vmw6a72hj42uw5uwzt7uua4j43a3tcqfcd88h7whwxsf4hc2asfjwuhr,0,0,0,0,0,0,0,0,0,0,0,14480,0,,0,0,2,
835,clueless000,14480,14480,0,3.936855992223411,259,addr1qyhuag520s2za7s4efs84sq3eres65dn0rjldjl9tdghm3e945yxkertxj8hvm3k2g62dnp76u7cz2qsayfc9gqra6vqd2cjrs,0,0,0,0,0,0,0,0,0,0,0,14480,0,,0,0,2,
815,_saber.,14400,14400,0,3.9151054066310165,260,addr1q83f77267j4htwya2y45d5zh4ptkwphju8f8w4rr9dpklp93gyjd22wt4lvvc6m7uptq6alufhpekxux7v86cjnxfltqvlmv4x,0,0,0,0,0,0,1,14400,1,14400,0,0,0,,0,0,2,
310,henz4254,14145,14145,0,3.845775415055259,261,addr1q9lznavzw5lzwd2wwlhhuptc7qxyfrshl8c2qtfj84dk635jtxk20m0ygp0gjplnkcutzuxhm9www9kztc54vlecqqwsalrxsc,0,0,0,0,0,0,1,14145,1,14145,0,0,0,,0,0,2,
1045,.jmans,14138,14138,0,3.8438722388159245,262,addr1qxf5vmarscyr5sm99d8zcx80x07jzpdrlq5ngfvunde8rfqwyfsxvfyl629mgkz54n78altt809f3cxtd9s0qwpajnrsx9wpvf,0,0,0,0,0,0,1,14018,1,14018,0,120,0,,0,0,2,
1978,nonw1988,14000,14000,0,3.8063524786690435,263,addr1qyl889s2dv2ph8awfnsfhlg7mjmvjnj0897wcq2dtwnc6kj456y3sc3xdtq07528sx6c8x6ttxen3j4hedqx3j9g6vxqwv782d,0,0,0,0,0,0,0,0,0,0,0,14000,0,,0,0,2,
2219,michaelmace,13950,13950,0,3.7927583626737973,264,addr1q8jd5hdz3qhlt8r9tmza0nrxrez25t0drlswa0jhrycgehtqt2pfqqtkdn660zjwz9ty2lkrv6pd2p4ga2800exzvatqggh4mn,1,1320,1,5040,0,0,0,0,2,6360,0,360,0,,4105,3125,2,
1391,effoo.,13575,13575,0,3.690802492709448,265,addr1qx2p806yh3wnwsdd6zvv006hll6sm3tcls04wcngxfnp2j9vw9d6gps0h757l054jhc3ahgmzfmyftk39rh7hchcq2xsh0kuhp,0,0,0,0,0,0,0,0,0,0,0,7240,6335,,0,0,2,
489,mikasdad_14,13575,13575,0,3.690802492709448,266,addr1q9msjfyc9vwf280jqwk0l0jllduzd3ccysmut6mg0hp8v4jgjq9mcd0x40m6s332ntvdstgzrjp97rkfgrt8c0wrmy4qg5q4sl,0,0,0,0,1,13500,0,0,1,13500,0,0,0,,75,0,2,
624,ronald3871,13500,13500,0,3.670411318716578,267,addr1qxr2fcw88726mv97rtzq22x4lusxe60c4vn6dr3ajy4xywml0jynhm2sctx807td9gpye6krg2m75c7sr3pdz6v3zk2s3gdwn2,0,0,0,0,1,13500,0,0,1,13500,0,0,0,,0,0,2,
590,hnreh,13500,13500,0,3.670411318716578,268,addr1qx7a749xzgullkx9n0cw9mfjca8d6gmatsvytvzjkuhrvqkhy2qxfz7x528ghxks7u2tjmgpwh6t5qjux2qk3s5qjd3q3e5sd7,0,0,0,0,1,13500,0,0,1,13500,0,0,0,,0,0,2,
437,deadceptor,13500,13500,0,3.670411318716578,269,addr1q8hkzzn99qvf060jqxzah0rxpyejz5yl22hyukkh8clvxasmzsxve5cyxcepkqawyg0c4zhv27klegmrcz0xqwrjfpcsy0tmpg,0,0,0,0,1,13500,0,0,1,13500,0,0,0,,0,0,2,
370,guhpt,12860,12860,0,3.4964066339774216,270,addr1qygfwq57vefrp8tslpm5fwyk7shdm4vehlj2qza0p02chfn4wu9rsj6hyky6p883zgc6rfs8jaak2y8pt3wnfg5gfq6s5chdqa,0,0,0,0,0,0,0,0,0,0,0,12720,140,,0,0,2,
552,fcamargo,12670,12670,0,3.4447489931954847,271,addr1q8v3k4fj0usfk60ldrmxruxc6h0rr9qun9pg99fehew932nnlwtvjwm2dd0r9lnre0t2g4h7fzxcltrdu22ax5m35hcqvzqlld,0,0,0,0,0,0,0,0,0,0,0,12670,0,,0,0,2,
238,k.hlim,12670,12670,0,3.4447489931954847,272,addr1qxx0h8a8hhg6jq5lqmctg4e0t4cyx8exvmj5sln6lqx3gdj3fadyueqf9zu9kvk9xmg732rqt0qy9wl0apz5tw6r59sqjqg0au,0,0,0,0,0,0,0,0,0,0,0,12670,0,,0,0,2,
686,k0rnfused,12670,12670,0,3.4447489931954847,273,addr1qy430y9u92ln4xz2a9t2t2zm5dv7gjqsd085t8922etfstkkxunpxessrj2lyfu4jg5gqsq29nl6vyd93acm86hyg0eqj9pcgj,0,0,0,0,0,0,0,0,0,0,0,12670,0,,0,0,2,
717,shaner5,12670,12670,0,3.4447489931954847,274,addr1q88w8u4gpg42295nlr5h0le8l59rsk8w0kvx8altejgw9tfrlncczdrvsu935rjp2mk60p2a3z7zfcl2s76ljwudpk8sj05eku,0,0,0,0,0,0,0,0,0,0,0,12670,0,,0,0,2,
1809,al.merman,12670,12670,0,3.4447489931954847,275,addr1q8s4wxpp2cummmja73s3sjpk4cwqeckdr53d7esgpyam2w8v4rlvgdpydmumw8xsyt839cczsdqmm4ech0v29w3fqsmstxw8wt,0,0,0,0,0,0,0,0,0,0,0,12670,0,,0,0,2,
600,dryn,12670,12670,0,3.4447489931954847,276,addr1q8msluj7gxy6djy5trme2jk6r3nxqqntnwcxg88wyva7elt0anwawfxls92rh98f3aylkhq7vnkecq6rhpm5c3rwjh7sa82ee7,0,0,0,0,0,0,0,0,0,0,0,12670,0,,0,0,2,
452,shanky143,12670,12670,0,3.4447489931954847,277,addr1qytnnr6jl6fuvq690wx9r560d7f3hu2na04he55adxtse3eunp8nxaaftgcd6vm5lqxk2y9yzfudg5g3vlcef3degdes7msrwe,0,0,0,0,0,0,0,0,0,0,0,12670,0,,0,0,2,
782,cyberzee,12670,12670,0,3.4447489931954847,278,addr1q8azd648xqnsqcaty2kzma5c0yyme900y66jqxsv3y6m7w55q5m7zmkyfy0sacapqswtlyn0396vdpz8aupr9k0dayfsz9eejv,0,0,0,0,0,0,0,0,0,0,0,12670,0,,0,0,2,
829,dysuki,12670,12670,0,3.4447489931954847,279,addr1qxfkekgtln7y5aggeu45uegrcjw5w7uvgm9s2y9ljqvxve3arsrw98a3erwudg7krzz7yummqhe2tkw43t7sntea7zxqpzrs79,0,0,0,0,0,0,0,0,0,0,0,12670,0,,0,0,2,
848,lokinou,12670,12670,0,3.4447489931954847,280,addr1qx37hffgelap0z3rdddu732lxzhjf868lzaewmfhtqejcnax53c9tsmmptlaf2lp7cd2pk4ag2ard8hrl9nevywe4yws0fu0wf,0,0,0,0,0,0,0,0,0,0,0,12670,0,,0,0,2,
2014,rudd3rm8,12260,12260,0,3.3332772420344625,281,addr1qxe3aj69gvsrxhuyvnch9x6kdfm0pvtkpsakgrxzgamlplhez6scw29pjjt3u7vag8xcs64w5h2n4r67hmny82y7mqzs7tfrkm,0,0,0,0,0,0,1,9315,1,9315,0,0,0,,2945,0,2,
2061,cipher.punk,11830,11830,0,3.216367844475342,282,addr1qy4q39xn4zcdwz8j3vrk7ljsh4rrefh4tagz0av3u3wzshag8wry7dkkkq2lp2hukkqssdppp4c67rape5xzp0fuspxq23es9j,0,0,2,8820,0,0,0,0,2,8820,0,3010,0,,0,0,2,
267,regi.xyz,11215,11215,0,3.0491602177338093,283,addr1qxs5tpq05gqds4aqsxk8rquudsg85kckzm8exxjtqfjh8d662uesuckklpeh6elk2746ur4vf0enfw4tn95wgj2390nqqd7x9r,0,0,0,0,0,0,0,0,0,0,0,8100,3115,,0,0,2,
2047,melliemelflyflynn,11138,11138,0,3.0282252791011293,284,addr1qyayd4ud2ga6e3yua4avju6xuxq9pkxh3spszyrdw9ecemlelr6vp9y5znl4g9gl6hqgcvjuc44k94nd8temm5h68auqzv94xk,0,0,0,0,0,0,1,11138,1,11138,0,0,0,,0,0,2,
266,flowguy__,11016,11016,0,2.9950556360727276,285,addr1qxx93e82u27ss2ksaaryze5yc3ppssxgn3pp3vvklv575u2s73gnry6hlf2rulsde6tr4r9l7utldmaqyl3e5qgr6hsqjqj4np,0,0,0,0,1,11016,0,0,1,11016,0,0,0,,0,0,2,
1274,thepriebe,10854,10854,0,2.9510107002481285,286,addr1qxpxx5xgkqxm42sw2pzx68hjf3v8n6d3nhv7leyxgnre0n2rq7ll2fcjhuqdrtfdwufjmcx42mtgsgz299gmv74w3w5q6zeyv2,0,0,0,0,1,10854,0,0,1,10854,0,0,0,,0,0,2,
1430,olojoh,10815,10815,0,2.9404072897718367,287,addr1qxg7xreda3dcqglfq3lu0wtscyymnk5pu0q5v7k02g9ljgjyhs5l43297p7u8k0hkzykwygrfug5kg8fk582jyrvldessfgf4n,0,0,0,0,0,0,1,8870,1,8870,0,1920,0,,25,0,2,
1893,vicmanly,10800,10800,0,2.9363290549732626,288,addr1q8ag9v0ssu0h72sxpvg5k9jnaz3w4d8had3nxcd0n4zy4dghjh73k8ayv5g5y82eh24pvd2lg4ama954pezwye8ddpgqwqza5p,0,0,0,0,0,0,1,10800,1,10800,0,0,0,,0,0,2,
643,domo9109,10734,10734,0,2.918384821859537,289,addr1qxskj0zsgq2qw59hczkqkxdalamjguv5qtkv86gn7uyzdcjtezdp6n7djqdqsddrlzwjs0xuqzf4xama9k4kag2vwu0qhf5vez,0,0,0,0,0,0,1,10704,1,10704,0,30,0,,0,0,2,
704,thirdpatriot,10668,10668,0,2.9004405887458113,290,addr1qxefxzjq993edf9azcgzggpez7xu9ugdcz4hw9sv9gfxdm9325tea30hhtjnkhg2nzndsqql47lxhx9zyj9qqd20pjnsaf5x08,0,0,0,0,0,0,1,10608,1,10608,0,60,0,,0,0,2,
1133,rafar3823,10603,10603,0,2.882768237951991,291,addr1qxsdnn332ef5pdp6ngur2k7uc4zehaxg46dxwrnt40xvl24ve3u9nlwtykfyuk9ljxxgnqfhx7ac6xkdtdf7kl3waw7sxz22m9,0,0,0,0,0,0,1,10513,1,10513,0,90,0,,0,0,2,
548,olifire7145,10425,10425,0,2.834373185008913,292,addr1qxwm343mwk2pw6qyhun8q9jvmgslyrf2w6yk4x3p6m2chw5mwy3jxetyecqvfrua3fj6f6dxm8chjfsx2y24wsfpnlaqcs4kzs,0,0,0,0,0,0,1,8265,1,8265,0,2160,0,,0,0,2,
2043,markjacobs69,10245,10245,0,2.785434367426025,293,addr1qy43wfu8wfw9awfyggn84zh6zf0kfw8j30vcvugvfp083ypxggj42nh9lx8p74zkz5qnfg3rfjx6rghqw3fmhmffq7uqp8uvyh,0,0,0,0,0,0,2,8565,1,8565,1,1680,0,,0,0,2,
703,soundnerd.,9975,9975,0,2.7120261410516937,294,addr1q905qrqck0rt0lv93dhpdavvczq555ndz8hzhfsf4wqt2d78srtcer8wrdaghtzhznc3rms8k7k25x5ud6pyqzaw9afsu5sxql,0,0,0,0,0,0,1,9585,1,9585,0,390,0,,0,0,2,
1961,shearmadness,9740,9740,0,2.6481337958740347,295,addr1qyu9pl94atjs5c0wpy2myykxmyltlxmwntnpmu0eac0mz28d7uny86e2cdrlnvwd905rtfre0efgt0esefckk0fqq44s9luva3,0,0,0,0,0,0,1,9495,1,9495,0,0,0,,245,0,2,
523,reallifeblue,8130,8130,0,2.2104032608270945,296,addr1qy2xajpazgqhxfvz37zrhcxe2gclyn2qn53xf9wv3zlq9htytssj2tpqdna97w4epfwfknyf07knefcyq8dluaas09ysanyltl,0,0,0,0,0,0,10,0,0,0,10,0,630,,0,7500,2,
1795,sickbrain0,7795,7795,0,2.1193226836589427,297,addr1q8krz3tag9pltj2l6yewp0dxc35k6g9gpcvmgl7layrrec4vqpvl9jyc58xjpnn9d0r4d0f39x029cc0fj8ufucnvkhsyh7cks,0,0,1,3780,0,0,1,3560,2,7340,0,90,0,,365,0,2,
1721,naturedopes,7780,7780,0,2.1152444488603686,298,addr1q9cqg7uwf3c6q370z8ppcucxzzd9d7286nptzrehund4s0qyuzd5vsh7f4fq5ug9slwgwdrcxvqrmzp2vrc5se37eujqh5lvsc,1,990,1,3780,0,0,0,0,2,4770,0,1770,0,,1240,0,2,
2526,stimpy0101,7426,7426,0,2.018998107614023,299,addr1q8eu233xwx7jhaf5xk82zp8m6hh8tuecxzcwqas6ccpp3pv0xk2ej978w8na4xfzvv240nac0yku8lgu4ctcnfjv20mqql4g8u,0,0,0,0,0,0,3,7411,3,7411,0,0,0,,15,0,2,
279,knackfisch,7265,7265,0,1.9752250541093288,300,addr1qytfutx7xxs9v8awmlnmla2npx9fms94ls2987msfl5nep9n7qm4k4tz6722f52cjt79398zzps0ly37ffh25v4gmynsyzuyt9,0,0,0,0,0,0,0,0,0,0,0,7240,0,,25,0,2,
1057,ihatepants911,7240,7240,0,1.9684279961117055,301,addr1q8tezjzgfu0t479rx8hnnf2dyx3t9ghzld8qk5f5wff0k2nxva6sa8lkec87u34pca7xdtxsj04t9mcvwczlrmtxzeaqj8sha6,0,0,0,0,0,0,0,0,0,0,0,7240,0,,0,0,2,
556,1nfra_r3d,7240,7240,0,1.9684279961117055,302,addr1q9um2aqqlge9jgyeeg9mxg0ajqaat3hmrqf2vzw957wp3sr8kq7cexhu0dnhjvrdnmyfxs7vyjh9eng6t6dlu88pvdgs5rdwdv,0,0,0,0,0,0,0,0,0,0,0,7240,0,,0,0,2,
409,starlord2394,7240,7240,0,1.9684279961117055,303,addr1qydnpkhy3ae04fty7ykf9ggk7smuhfedgh3dtcms9qzpve4yqntw4hetmjdw429qjlpqaq6h6xuvzejsmn7k2fp6dprs5m5a0w,0,0,0,0,0,0,0,0,0,0,0,7240,0,,0,0,2,
309,camxgawth,7240,7240,0,1.9684279961117055,304,addr1qyux5j7js7qtrg5wk7fv8fsytqgwmlglt2v4ymjmh664ejc8eq34g6h7l4cete389m622eq4384fe95xa8fvmxv2md3sx35j58,0,0,0,0,0,0,0,0,0,0,0,7240,0,,0,0,2,
1620,smokes4751,7240,7240,0,1.9684279961117055,305,addr1q86q8lqt37e2chzszfm2uwx3xevck494738mntx4lv600fgx9f0mhgrjvrezhaqa30apclp253eshqlw208flt07ryashfgv4q,0,0,0,0,0,0,0,0,0,0,0,7240,0,,0,0,2,
1187,lvl99_suave,7240,7240,0,1.9684279961117055,306,addr1qyvm7sle5khtlmp5gm9y6lrsefezsw04cnjmms76hyc43awmqx6zp5nnur0ax9flqe36relggeppqgud77e74wvewgeswfjxlr,0,0,0,0,0,0,0,0,0,0,0,7240,0,,0,0,2,
1547,grpcameron,7240,7240,0,1.9684279961117055,307,addr1q8zzexkw068z3ugc547x7dse0sdxkv7ggvgserp457grhkg7mpes6crtunkf3jylc06m6klql2wv2n0qnee4kl8v6grs4xp7w6,0,0,0,0,0,0,0,0,0,0,0,7240,0,,0,0,2,
498,mehrey.ada,7240,7240,0,1.9684279961117055,308,addr1qyrja7y5jt629eugx6m48p9xnh54qyp83hsa9lw02x0jz8drc2szleqdk6a7l84qkvpy5fw2nx5ktl7mjj067ld23gtskzcjv4,0,0,0,0,0,0,0,0,0,0,0,7240,0,,0,0,2,
1453,oubi44,7122,7122,0,1.9363458823629236,309,addr1qy0hz4dma5ecqwle6zxv0d89vdk45ujv5gvlw0xuhj5tgea0akuv6ntfa2gm4w0r8v8c6p474xdertw2nnrsw4sd3d7qcxnz33,0,0,0,0,0,0,1,4992,1,4992,0,2130,0,,0,0,2,
805,bitmark_labs,6440,6440,0,1.7509221401877602,310,addr1qygxpmxunvjelzg7tu5euppa0ry98qwagmysvw4zshmkr0kpn8r3l5nmtlmq0337xk9hsp6vu5qv8kkpzuw4g236h73shsxu8r,0,0,0,0,0,0,0,0,0,0,0,6440,0,,0,0,2,
647,chuckyd2910,5600,5600,0,1.5225409914676176,311,addr1q8ahfmmtgx3pgawrrf8n6xtu7ke6acw7ykfg4dcl2reayr2kfav8pve2m2n8x37hacyaqqcla8et9gne62ksphjs796q84lyaw,0,0,0,0,0,0,0,0,0,0,0,5600,0,,0,0,2,
499,alfred0_,5430,5430,0,1.4763209970837792,312,addr1q935zn9tkp2cvtwwfyhayzy0558kdg8g99qeg7zamggd4pvj8kgdushrjkdt0dk985kuuk22uqk8v7f69wxfpnffdg0qe6t53a,0,0,0,0,0,0,0,0,0,0,0,5430,0,,0,0,2,
1121,thadsteady,5430,5430,0,1.4763209970837792,313,addr1q894aukf5c4hpuxr9cuah8cdylhrfrqc8h07khgv2asuy3fsmukzg2zzfc8pn8f0uvks2yxwtearqfxztwe2ahguapxqjskav4,0,0,0,0,0,0,0,0,0,0,0,5430,0,,0,0,2,
569,defifomofo,5430,5430,0,1.4763209970837792,314,addr1qxfuk8tu5gavd3vfd2q4srm09906xvlxuvzzwqg7pl5578rwpz2pzqmtecvrk5keghhuvn648d2350hkeng6seurxpus74wluq,0,0,0,0,0,0,0,0,0,0,0,5430,0,,0,0,2,
1582,.roadtripguy,5430,5430,0,1.4763209970837792,315,addr1q98z46n278h90zc03ezh80tvxaxqlr73jfl622msc80yuf7s23uzmw63lgsawwthvcc44luety8z4y8dsmlkt9f8spkq0z20vu,0,0,0,0,0,0,0,0,0,0,0,5430,0,,0,0,2,
1119,hoppy4392,5430,5430,0,1.4763209970837792,316,addr1qxzxs48kln3ulpff2s4ra7w956rhsvtlauyx38lcphu95460a46gy3ch77uwszc0d6pjcw8gerpfrxpl94xu2fuws4esu0fylc,0,0,0,0,0,0,0,0,0,0,0,5430,0,,0,0,2,
1214,nostalgicnft,5430,5430,0,1.4763209970837792,317,addr1q8pdsjm9p67lhcvxckk6v7kw036ulqgc84p26dhtfu6gj77a7h7er9xv9lt9kgsj4e97f949yytkxj9zgxlfp33vpdzsvm0rr0,0,0,0,0,0,0,0,0,0,0,0,5430,0,,0,0,2,
512,eriksag,4510,4510,0,1.2261892627712419,318,addr1q9f44a04lwhzytg684cvj8xj4w54d4stsa88gnj0e8zjfd9cmz49tuvpkgarx7hlzz2qzccggqe0g8myy4vnf5rfq72qn0fafl,0,0,0,0,0,0,0,0,0,0,0,4510,0,,0,0,2,
1325,1sandman,3620,3620,0,0.9842139980558527,319,addr1q9zhm4mq6uquxc99uc2f725xdrkt0qhwgfx2cef64c5egzpk2zfa0mmhvs7flgsn28wu9rlmh6k8468ztmscgt5pclhs7zukt5,0,0,0,0,8,0,0,0,0,0,8,3620,0,,0,0,2,
1851,nikyjoon,3570,3570,0,0.9706198820606062,320,addr1q8akudvmurlnuhsqm4vhrunsx4rc52s47my7kud5j24vel4sums7qd3teclu4twamuu8ekmw7znsvza6q5rya29s8gcsyzsc0s,0,0,0,0,0,0,1,505,1,505,0,0,0,,565,2500,2,
2427,ioddesthumandad,3187,3187,0,0.8664889535370174,321,addr1qykjh9xrj566jmm5em0epzmsfmdfvpw86nnc3g8f7zsn83u6u3a9lm3zqxwg6sn2m93cm0leqtam6apzje45xcw9dq5s6u8l33,0,0,0,0,0,0,1,3187,1,3187,0,0,0,,0,0,2,
1955,bewiiee,3030,3030,0,0.8238034293119431,322,addr1qyd7l8h48203z0w48n2mgc47pexk0hvjqs9hh6za23fhetxcgc4fdjqlamdx8n4g7s36fn4hdvv553y93lqrc2sfgnzq9ed84a,0,0,0,0,0,0,0,0,0,0,0,2040,990,,0,0,2,
2474,samoigra,2833,2833,0,0.7702426122906715,323,addr1q8djfd9szkwxqz2mw345tlq9c0zzer73hv8ga62xzfp6gf20u8tkyz35j9lu03f3vcsxs5w7jrq55qfrkxfygert450s9heg8n,0,0,0,0,0,0,1,1713,1,1713,0,0,0,,1120,0,2,
2507,dallasjfitz,2688,2688,0,0.7308196759044564,324,addr1qyl9v9yqptj4qwuawqrsu7sjqhnhzhgj6zjalsru2e7rnalpkv3snvcrcnaq4zrhe3nxe4q23zudg5v9n8zxvh6p4wzsgnur4q,1,1320,0,0,0,0,1,808,2,2128,0,440,0,,120,0,2,
329,konradbaraniecki,2640,2640,0,0.7177693245490198,325,addr1q8g57ns40nwhr6sgnph28s7m30xzt6smkvuw4tfngm3vfu8np6780d2hu0x2cfzmnea7m7e8yaqrqe38gkw8yvk0ulyskfucs3,0,0,0,0,51,0,0,0,0,0,51,2640,0,,0,0,2,
251,boneless4026,2275,2275,0,0.6185322777837197,326,addr1q8exgretnhv8uxxzyt6jcf2c0drnueuvma4tdpncxa2ll72s5sm4xjlfvap4gf2xt6a5x5lj3w592vxu7gr4aj2f4tws7hz52n,0,0,7,0,0,0,0,0,0,0,7,0,2275,,0,0,2,
322,budang,1920,1920,0,0.5220140542174688,327,addr1q8k7q25vupdrw2r4a5k3d73ltdqzrql5pxg943rfxs6s7659pphl4u5t9rmx8laxyzv0cvestr4dr7y6mjcn2xnc0t6sw7fjlr,0,0,0,0,0,0,0,0,0,0,0,1920,0,,0,0,2,
773,johnny4200,1920,1920,0,0.5220140542174688,328,addr1qykzm36j4kmz5ngjyh8p43zmknzcsyd7qsgdzg5lmx0cdhkcc0zdnlssmyuelr20rz6taad6tnxahmqnudr4jh4qkm6st5ypuj,0,0,0,0,0,0,1,0,0,0,1,1920,0,,0,0,2,
2594,jimpaok,1617,1617,0,0.43963371128627454,329,addr1qyefwfskld82x7wkl529e4893dczm50vmcx4gw8mj23rrrk47vwtqxw6x7xf48am4dz4ljvsulqa49jnahgdlmf42sfqwtu2pe,0,0,0,0,0,0,2,677,2,677,0,220,720,,0,0,2,
320,juvz9818,1320,1320,0,0.3588846622745099,330,addr1q9c35vxn4g8uvptku95k7qtz3tvv3sldue4lvqauggv0t0dup66m9mjtk7uvrgqz944nlfgd5v9v3skd0rtgu9uzmuvsrs3u75,0,0,0,0,0,0,0,0,0,0,0,1320,0,,0,0,2,
1835,atlanick,1100,1100,0,0.29907055189542486,331,addr1qx32408p0v8emswv20s3w6yx576q4553utlaekln4caadg26fxaf3qhmxyzrgpfrus0sz8jjp45zsxt6aausepsqy8use2zeuk,0,0,0,0,0,0,1,0,0,0,1,1020,0,,80,0,2,
2586,fiddymaster,741,741,0,0.20146479904955442,332,addr1qxms8fqwfewxj24tfg0slw3xq0v6araudhnm4vaq0k0maulpd93efvcwad2ldn2dyh3gay83pjx2fvzwa88nax0zsagqknahcc,0,0,0,0,0,0,1,101,1,101,0,640,0,,0,0,2,
299,escapology,630,630,0,0.17128586154010697,333,addr1q9s2mn803wxlqrrq9q22k7n4yg9gpqqtekcgal8dh2etsh2038m5sstyfyxz2mc8kxukkt4hsuqtdufq3ug3rthfl9ys0us77m,0,0,0,0,0,0,0,0,0,0,0,630,0,,0,0,2,
2671,gunny.ada,589,589,0,0.16013868642400478,334,addr1qxt26esglw0awjxrcngrzluxskpywzxrh58lp5d94jsdjscktlf705h89d75h2pzfstnkv4eleaxrdzzqh5de5mrs7ss86u68d,0,0,0,0,0,0,1,499,1,499,0,0,0,,90,0,2,
757,_kongming_,545,545,0,0.14817586434818777,335,addr1q8dr7f6qa2vdmfjkd6c22qrfu22ylunegh2mqjn66l6c92rcrtp3ncsf0yj2vzdx2fsv0z88ku09cfe2s30ulmuh825qwpkwpr,0,0,0,0,0,0,0,0,0,0,0,320,225,,0,0,2,
1832,jopena,245,245,0,0.06661116837670827,336,,0,0,0,0,0,0,1,0,0,0,1,0,0,,245,0,2,
570,ccal__,225,225,0,0.06117352197860963,337,addr1q9uedfahqd76f6r2at9vxfsr6ys2l07uzv4dtdk2kvp5y8qc7mn0enq9hspx4glsglrdhut7ltpxtahxmg2463a2e4sspezjuq,0,0,0,0,27,0,1,0,0,0,28,0,225,,0,0,2,
702,soundmaker_,0,0,0,0.0,338,addr1qytq3dv4rthtugmr6zztjnrzgz35wcxnturjz8dsyxqch2l7tn3mszlqdsl5a20h7tnxxz3le9zr28d62d9djcyst9ys7lfqpg,0,0,0,0,0,0,0,0,0,0,0,0,0,,0,0,2,
1826,fintech_fish,0,0,0,0.0,339,addr1qxun7zxa2m5emuxj5k7pk7u3ugpvm22ez992nap4ckzjwwgzzml5zcmr3rx7v4cnxplnjetmg0yhtp3wy6dea02c7hdqj4qdel,0,0,0,0,0,0,0,0,0,0,0,0,0,,0,0,2,
971,rxl5_,0,0,0,0.0,340,addr1qxktz24ncxwklguhnm5va6xwuh9f5tu344lnls2em5653zql5pgpsvvc0r9zk5p04n7agknvnsq0t8t4ml7zdm0e7tts9wvay9,0,0,0,0,0,0,0,0,0,0,0,0,0,,0,0,2,
1579,ikemanav,0,0,0,0.0,341,addr1qyxktmlc6tk67ltykn4lp2gwgle7xqu2ge3qx0clpnqnukz8y8cjrsk5p9l0sudfe90gqduvl0e2cdfyckm59vkvu64slnrvk8,0,0,0,0,0,0,0,0,0,0,0,0,0,,0,0,2,
1292,mikedracula,0,0,0,0.0,342,addr1q8y4ldg2e5nuyst5ty4gdp8e62fgkgv7cc73qd7f0f4e4m42djal9l8tpqzqwquae69t2dyjdzss7mxmrmnwv7mthd4s837f5f,0,0,0,0,0,0,0,0,0,0,0,0,0,,0,0,2,
1546,tory.reut,0,0,0,0.0,343,addr1q9zwm8kp7f7hrjnpag3dv27len7hlg0d9e44vtmsee8h2h8hka379athnkczxsk9l2q064000e8u4m5crd0mskztpqksm3su9d,0,0,0,0,0,0,0,0,0,0,0,0,0,,0,0,2,
1873,cavibo,0,0,0,0.0,344,addr1qxzyga20fw0fuqt4lgat8642lzdhgqtju8m4cpxcvx89l5eunulk27xfpydjdctxu34tdsl5pmma3p9fjxnq2vfj0e6smuphtz,0,0,0,0,0,0,0,0,0,0,0,0,0,,0,0,2,
313,fatmanager,0,0,0,0.0,345,addr1qysrvw2mq3hqv3g0m9dg8v833e9gswnr0apxptudrw5qwd4jcjxwk8n070rwh5xrszplhcs6ne2g8mm32ht5xewwdy8s7hnvzl,0,0,0,0,0,0,0,0,0,0,0,0,0,,0,0,2,
1834,laleisa,0,0,0,0.0,346,addr1q9xpjvu7pa4ujzamgn8l2a3xhpsrfzck7038tvea49d28ljelr0far75q09kprcassh6lwm3kle9evx7ymwrhlefk42qzaz7gu,0,0,0,0,0,0,0,0,0,0,0,0,0,,0,0,2,
1530,fuxa,0,0,0,0.0,347,addr1q8c4mr0z32zsycv4yllq0wwhpdwq4nr7w4vnh4kv0q2k2wxnzwwr28z30gargf77k2n2h80hmzq8hr0m42xrcyq8rgqq4f4e7q,0,0,0,0,0,0,0,0,0,0,0,0,0,,0,0,2,
